{
  "name": "__qna__76jv3be6hg_hi",
  "contexts": [
    "global"
  ],
  "utterances": {
    "en": [
      "HI",
      "HIII",
      "Hiiii",
      "hi",
      "Hi!",
      "Hey",
      "Hello",
      "What's up",
      "Heya",
      "hey there",
      "bonjour",
      "sup",
      "Heyyyy",
      "Howdy",
      "hello",
      "ssup",
      "heyy",
      "heyyyy",
      "hola",
      "Start",
      "start",
      "test",
      "friction",
      "upset",
      "upsetting",
      "spm"
    ]
  },
  "slots": []
}