{
  "name": "__qna__gp8cevjg45_what_is__abc",
  "contexts": [
    "global"
  ],
  "utterances": {
    "en": [
      "Is any machine to build torsion bars available",
      "Do you have upsetters between 300kVA to 500kVA",
      "Is there any 1200kVA metal gathering machine available",
      "Is any machine to build engine valves for automotive",
      "Is any machine to build marine engine valves",
      "Is any machine to build propellar shafts available",
      "Is any machine to build engine valves available",
      "Is any machine to build tappets available",
      "Is any machine to build collar bolts available",
      "Is any machine to build axles available",
      "Is any machine to build large shackles available",
      "Is any machine to build marine engine valves available",
      "Are there 1200kVA upsetters available",
      "Are there 300kVA upsetters available",
      "Are there 500kVA upsetters available",
      "Are there 20kVA upsetters available",
      "Are there 50kVA upsetters available",
      "Are there 75kVA upsetters available",
      "Are there 150kVA upsetters available"
    ]
  },
  "slots": []
}