{
  "name": "email",
  "utterances": {
    "en": [
      "rasca@me.com",
      "tromey@mac.com",
      "osaru@yahoo.com",
      "garland@aol.com",
      "birddog@att.net",
      "froodian@aol.com",
      "burniske@comcast.net",
      "smeier@live.com",
      "akoblin@icloud.com",
      "yangyan@gmail.com",
      "duncand@yahoo.com"
    ]
  },
  "slots": [
    {
      "id": "IFbX-E-RKuzhM-Am5OsJ7",
      "name": "email",
      "entities": [
        "email"
      ],
      "color": 1
    }
  ],
  "contexts": [
    "global"
  ]
}