{
  "version": "0.0.1",
  "catchAll": {},
  "startNode": "entry",
  "nodes": [
    {
      "id": "88f021afec",
      "name": "entry",
      "onEnter": [
        "say #!builtin_text-GpAXEz",
        "builtin/wait {\"delay\":\"1000\"}",
        "say #!builtin_text-6hTefd",
        "builtin/wait {\"delay\":\"1000\"}",
        "say #!builtin_text-GkYwkO",
        "builtin/wait {\"delay\":\"1000\"}",
        "say #!builtin_text-I-MSxt",
        "say #!builtin_card-CuqN8u"
      ],
      "onReceive": null,
      "next": [
        {
          "condition": "true",
          "node": "startagain.flow.json"
        }
      ]
    }
  ]
}