{
  "nodes": [
    {
      "id": "79faf7bbfa",
      "position": {
        "x": 55,
        "y": 125
      }
    },
    {
      "id": "skill-8f4f06",
      "position": {
        "x": 200,
        "y": 435
      }
    },
    {
      "id": "8c10b7de84",
      "position": {
        "x": 570,
        "y": 250
      }
    }
  ],
  "links": [
    {
      "source": "79faf7bbfa",
      "sourcePort": "out0",
      "target": "skill-8f4f06",
      "points": [
        {
          "x": 261,
          "y": 211
        },
        {
          "x": 300,
          "y": 428
        }
      ]
    },
    {
      "source": "8c10b7de84",
      "sourcePort": "out0",
      "target": "79faf7bbfa",
      "points": [
        {
          "x": 776,
          "y": 366
        },
        {
          "x": 155,
          "y": 118
        }
      ]
    },
    {
      "source": "skill-8f4f06",
      "sourcePort": "out0",
      "target": "8c10b7de84",
      "points": [
        {
          "x": 406,
          "y": 485
        },
        {
          "x": 670,
          "y": 243
        }
      ]
    }
  ]
}