{
  "version": "0.0.1",
  "catchAll": {},
  "startNode": "entry",
  "nodes": [
    {
      "id": "79faf7bbfa",
      "name": "entry",
      "onEnter": [
        "say #!builtin_text-yzrayx"
      ],
      "onReceive": null,
      "next": [
        {
          "condition": "true",
          "node": "choice-8f4f06"
        }
      ]
    },
    {
      "id": "skill-8f4f06",
      "type": "skill-call",
      "skill": "choice",
      "name": "choice-8f4f06",
      "flow": "skills/choice-8f4f06.flow.json",
      "next": [
        {
          "caption": "User picked [continu...]",
          "condition": "temp['skill-choice-ret'] == \"continuetowait\"",
          "node": "node-2101"
        },
        {
          "caption": "User picked [startag...]",
          "condition": "temp['skill-choice-ret'] == \"startagain\"",
          "node": "startagain.flow.json"
        },
        {
          "caption": "On failure",
          "condition": "true",
          "node": "error.flow.json"
        }
      ],
      "onEnter": null,
      "onReceive": null
    },
    {
      "id": "8c10b7de84",
      "name": "node-2101",
      "next": [
        {
          "condition": "true",
          "node": "entry"
        }
      ],
      "onEnter": [
        "say #!builtin_text-s_llJM",
        "say #!builtin_text-lDaDzq",
        "builtin/wait {\"delay\":\"20000\"}"
      ],
      "onReceive": null,
      "type": "standard"
    }
  ]
}