{
  "version": "0.0.1",
  "catchAll": {},
  "startNode": "entry",
  "nodes": [
    {
      "id": "4a8eb239a0",
      "name": "entry",
      "onEnter": [],
      "onReceive": null,
      "next": [
        {
          "condition": "true",
          "node": "spec_conditions"
        }
      ]
    },
    {
      "id": "19712e73f4",
      "name": "spec_conditions",
      "next": [
        {
          "condition": "user.amcwo !== null && user.amcwo !==undefined",
          "node": "node-2e60-copy"
        },
        {
          "condition": "user.amcwo=== undefined",
          "node": "node-ca91-copy"
        },
        {
          "condition": "true",
          "node": "getAMCType.flow.json"
        }
      ],
      "onEnter": [],
      "onReceive": null,
      "type": "standard"
    },
    {
      "id": "07240828bb",
      "name": "node-ca91-copy",
      "next": [
        {
          "condition": "true",
          "node": "node-1f11"
        }
      ],
      "onEnter": [
        "say #!builtin_text-lWpvhl"
      ],
      "onReceive": [
        "builtin/setVariable {\"type\":\"user\",\"name\":\"amcwo\",\"value\":\"{{event.payload.text}}\"}"
      ],
      "type": "standard"
    },
    {
      "id": "f4f0585359",
      "name": "node-2e60-copy",
      "next": [
        {
          "condition": "true",
          "node": "choice-a3f9b0"
        }
      ],
      "onEnter": [
        "say #!builtin_text-RtJBKC"
      ],
      "onReceive": null,
      "type": "standard"
    },
    {
      "id": "0a39e5466c",
      "type": "skill-call",
      "skill": "choice",
      "name": "choice-a3f9b0",
      "flow": "skills/choice-a3f9b0.flow.json",
      "next": [
        {
          "caption": "User picked [confirm...]",
          "condition": "temp['skill-choice-ret'] == \"confirmspecs\"",
          "node": "node-1f11"
        },
        {
          "caption": "User picked [reenter...]",
          "condition": "temp['skill-choice-ret'] == \"reenterspecs\"",
          "node": "node-ca91-copy"
        },
        {
          "caption": "On failure",
          "condition": "true",
          "node": "notsure.flow.json"
        }
      ],
      "onEnter": null,
      "onReceive": null
    },
    {
      "id": "88edbd7dc4",
      "name": "node-1f11",
      "next": [
        {
          "condition": "true",
          "node": "getAMCType.flow.json"
        }
      ],
      "onEnter": [
        "say #!builtin_text-Yf5Bsz"
      ],
      "onReceive": null,
      "type": "standard"
    }
  ]
}