{
  "nodes": [
    {
      "id": "4a8eb239a0",
      "position": {
        "x": 100,
        "y": 95
      }
    },
    {
      "id": "19712e73f4",
      "position": {
        "x": 30,
        "y": 200
      }
    },
    {
      "id": "07240828bb",
      "position": {
        "x": 700,
        "y": 175
      }
    },
    {
      "id": "f4f0585359",
      "position": {
        "x": 50,
        "y": 405
      }
    },
    {
      "id": "0a39e5466c",
      "position": {
        "x": 320,
        "y": 390
      }
    },
    {
      "id": "88edbd7dc4",
      "position": {
        "x": 745,
        "y": 420
      }
    }
  ],
  "links": [
    {
      "source": "07240828bb",
      "sourcePort": "out0",
      "target": "88edbd7dc4",
      "points": [
        {
          "x": 906,
          "y": 267
        },
        {
          "x": 845,
          "y": 413
        }
      ]
    },
    {
      "source": "0a39e5466c",
      "sourcePort": "out1",
      "target": "07240828bb",
      "points": [
        {
          "x": 526,
          "y": 462
        },
        {
          "x": 800,
          "y": 168
        }
      ]
    },
    {
      "source": "0a39e5466c",
      "sourcePort": "out0",
      "target": "88edbd7dc4",
      "points": [
        {
          "x": 526,
          "y": 440
        },
        {
          "x": 845,
          "y": 413
        }
      ]
    },
    {
      "source": "19712e73f4",
      "sourcePort": "out1",
      "target": "07240828bb",
      "points": [
        {
          "x": 236,
          "y": 272
        },
        {
          "x": 800,
          "y": 168
        }
      ]
    },
    {
      "source": "19712e73f4",
      "sourcePort": "out0",
      "target": "f4f0585359",
      "points": [
        {
          "x": 236,
          "y": 235
        },
        {
          "x": 150,
          "y": 398
        }
      ]
    },
    {
      "source": "4a8eb239a0",
      "sourcePort": "out0",
      "target": "19712e73f4",
      "points": [
        {
          "x": 306,
          "y": 130
        },
        {
          "x": 130,
          "y": 193
        }
      ]
    },
    {
      "source": "f4f0585359",
      "sourcePort": "out0",
      "target": "0a39e5466c",
      "points": [
        {
          "x": 256,
          "y": 491
        },
        {
          "x": 420,
          "y": 383
        }
      ]
    }
  ]
}