{
  "nodes": [
    {
      "id": "457547d39a",
      "position": {
        "x": 100,
        "y": 95
      }
    },
    {
      "id": "d70540a87f",
      "position": {
        "x": 30,
        "y": 200
      }
    },
    {
      "id": "85a32886a0",
      "position": {
        "x": 665,
        "y": 260
      }
    },
    {
      "id": "3f5ee016fb",
      "position": {
        "x": 50,
        "y": 405
      }
    },
    {
      "id": "c0bd5d28e1",
      "position": {
        "x": 320,
        "y": 390
      }
    },
    {
      "id": "c2b0d2ae67",
      "position": {
        "x": 745,
        "y": 420
      }
    },
    {
      "id": "skill-df9110",
      "position": {
        "x": 500,
        "y": 95
      }
    },
    {
      "id": "9423b1daab",
      "position": {
        "x": 835,
        "y": 125
      }
    }
  ],
  "links": [
    {
      "source": "3f5ee016fb",
      "sourcePort": "out0",
      "target": "c0bd5d28e1",
      "points": [
        {
          "x": 256,
          "y": 491
        },
        {
          "x": 420,
          "y": 383
        }
      ]
    },
    {
      "source": "457547d39a",
      "sourcePort": "out0",
      "target": "d70540a87f",
      "points": [
        {
          "x": 306,
          "y": 130
        },
        {
          "x": 130,
          "y": 193
        }
      ]
    },
    {
      "source": "85a32886a0",
      "sourcePort": "out0",
      "target": "c2b0d2ae67",
      "points": [
        {
          "x": 871,
          "y": 316
        },
        {
          "x": 845,
          "y": 413
        }
      ]
    },
    {
      "source": "9423b1daab",
      "sourcePort": "out0",
      "target": "c2b0d2ae67",
      "points": [
        {
          "x": 1041,
          "y": 181
        },
        {
          "x": 845,
          "y": 413
        }
      ]
    },
    {
      "source": "c0bd5d28e1",
      "sourcePort": "out0",
      "target": "c2b0d2ae67",
      "points": [
        {
          "x": 526,
          "y": 440
        },
        {
          "x": 845,
          "y": 413
        }
      ]
    },
    {
      "source": "c0bd5d28e1",
      "sourcePort": "out1",
      "target": "skill-df9110",
      "points": [
        {
          "x": 526,
          "y": 462
        },
        {
          "x": 600,
          "y": 88
        }
      ]
    },
    {
      "source": "d70540a87f",
      "sourcePort": "out0",
      "target": "3f5ee016fb",
      "points": [
        {
          "x": 236,
          "y": 235
        },
        {
          "x": 150,
          "y": 398
        }
      ]
    },
    {
      "source": "d70540a87f",
      "sourcePort": "out1",
      "target": "skill-df9110",
      "points": [
        {
          "x": 236,
          "y": 272
        },
        {
          "x": 600,
          "y": 88
        }
      ]
    },
    {
      "source": "skill-df9110",
      "sourcePort": "out1",
      "target": "85a32886a0",
      "points": [
        {
          "x": 706,
          "y": 167
        },
        {
          "x": 765,
          "y": 253
        }
      ]
    },
    {
      "source": "skill-df9110",
      "sourcePort": "out0",
      "target": "9423b1daab",
      "points": [
        {
          "x": 706,
          "y": 145
        },
        {
          "x": 935,
          "y": 118
        }
      ]
    }
  ]
}