{
  "version": "0.0.1",
  "catchAll": {},
  "startNode": "entry",
  "nodes": [
    {
      "id": "457547d39a",
      "name": "entry",
      "onEnter": [],
      "onReceive": null,
      "next": [
        {
          "condition": "true",
          "node": "spec_conditions"
        }
      ]
    },
    {
      "id": "d70540a87f",
      "name": "spec_conditions",
      "next": [
        {
          "condition": "user.amctype !== null && user.amctype !==undefined",
          "node": "node-2e60-copy"
        },
        {
          "condition": "user.amctype === undefined",
          "node": "choice-df9110"
        },
        {
          "condition": "true",
          "node": "speaktohuman.flow.json"
        }
      ],
      "onEnter": [],
      "onReceive": null,
      "type": "standard"
    },
    {
      "id": "85a32886a0",
      "name": "limited",
      "next": [
        {
          "condition": "true",
          "node": "node-1f11"
        }
      ],
      "onEnter": [],
      "onReceive": [
        "builtin/setVariable {\"type\":\"user\",\"name\":\"amctype\",\"value\":\"limited\"}"
      ],
      "type": "standard"
    },
    {
      "id": "3f5ee016fb",
      "name": "node-2e60-copy",
      "next": [
        {
          "condition": "true",
          "node": "choice-a3f9b0"
        }
      ],
      "onEnter": [
        "say #!builtin_text-UKRNXr"
      ],
      "onReceive": null,
      "type": "standard"
    },
    {
      "id": "c0bd5d28e1",
      "type": "skill-call",
      "skill": "choice",
      "name": "choice-a3f9b0",
      "flow": "skills/choice-a3f9b0.flow.json",
      "next": [
        {
          "caption": "User picked [confirm...]",
          "condition": "temp['skill-choice-ret'] == \"confirmspecs\"",
          "node": "node-1f11"
        },
        {
          "caption": "User picked [reenter...]",
          "condition": "temp['skill-choice-ret'] == \"reenterspecs\"",
          "node": "choice-df9110"
        },
        {
          "caption": "On failure",
          "condition": "true",
          "node": "notsure.flow.json"
        }
      ],
      "onEnter": null,
      "onReceive": null
    },
    {
      "id": "c2b0d2ae67",
      "name": "node-1f11",
      "next": [
        {
          "condition": "true",
          "node": "speaktohuman.flow.json"
        }
      ],
      "onEnter": [
        "say #!builtin_text-Yf5Bsz"
      ],
      "onReceive": null,
      "type": "standard"
    },
    {
      "id": "skill-df9110",
      "type": "skill-call",
      "skill": "choice",
      "name": "choice-df9110",
      "flow": "skills/choice-df9110.flow.json",
      "next": [
        {
          "caption": "User picked [compreh...]",
          "condition": "temp['skill-choice-ret'] == \"comprehensive\"",
          "node": "comprehensive"
        },
        {
          "caption": "User picked [limited]",
          "condition": "temp['skill-choice-ret'] == \"limited\"",
          "node": "limited"
        },
        {
          "condition": "true",
          "node": "speaktohuman.flow.json"
        }
      ],
      "onEnter": null,
      "onReceive": null
    },
    {
      "id": "9423b1daab",
      "name": "comprehensive",
      "next": [
        {
          "condition": "true",
          "node": "node-1f11"
        }
      ],
      "onEnter": [],
      "onReceive": [
        "builtin/setVariable {\"type\":\"user\",\"name\":\"amctype\",\"value\":\"comprehensive\"}"
      ],
      "type": "standard"
    }
  ]
}