{
  "version": "0.0.1",
  "catchAll": {},
  "startNode": "entry",
  "nodes": [
    {
      "id": "5594c59219",
      "name": "entry",
      "onEnter": [],
      "onReceive": null,
      "next": [
        {
          "condition": "true",
          "node": "Slot-c2c110"
        }
      ]
    },
    {
      "id": "283de3238c",
      "name": "node-fef3",
      "next": [
        {
          "condition": "true",
          "node": "node-fef3-copy"
        }
      ],
      "onEnter": [
        "builtin/setVariable {\"type\":\"user\",\"name\":\"email\",\"value\":\"{{event.payload.text}}\"}"
      ],
      "onReceive": null,
      "type": "standard"
    },
    {
      "id": "4f6f863629",
      "name": "node-df70",
      "next": [
        {
          "condition": "true",
          "node": "node-fef3-copy"
        }
      ],
      "onEnter": [
        "say #!builtin_text-KaXFSL"
      ],
      "onReceive": null,
      "type": "standard"
    },
    {
      "id": "12b80f1596",
      "name": "node-d735",
      "next": [
        {
          "condition": "event.nlu.intent.name === 'none'",
          "node": "entry"
        }
      ],
      "onEnter": [
        "say #!builtin_text-L61PJh"
      ],
      "onReceive": null,
      "type": "standard"
    },
    {
      "id": "6fe2861ffd",
      "name": "node-fef3-copy",
      "next": [
        {
          "condition": "true",
          "node": "continuetowait.flow.json"
        }
      ],
      "onEnter": [
        "say #!builtin_text-KaXFSL",
        "say #!builtin_text-CXVaJT",
        "say #!builtin_text-0yr_b4",
        "builtin/wait {\"delay\":\"20000\"}"
      ],
      "onReceive": null,
      "type": "standard"
    },
    {
      "id": "9864041d4e",
      "type": "skill-call",
      "skill": "Slot",
      "name": "Slot-c2c110",
      "flow": "skills/Slot-c2c110.flow.json",
      "next": [
        {
          "caption": "On extracted",
          "condition": "temp.extracted == \"true\"",
          "node": "node-fef3"
        },
        {
          "caption": "On not found",
          "condition": "temp.notExtracted == \"true\"",
          "node": "node-d735"
        },
        {
          "caption": "On already extracted",
          "condition": "temp.alreadyExtracted == \"true\"",
          "node": "node-df70"
        }
      ],
      "onEnter": null,
      "onReceive": null
    }
  ]
}