{
  "nodes": [
    {
      "id": "5594c59219",
      "position": {
        "x": 100,
        "y": 100
      }
    },
    {
      "id": "283de3238c",
      "position": {
        "x": 610,
        "y": 320
      }
    },
    {
      "id": "4f6f863629",
      "position": {
        "x": 615,
        "y": 605
      }
    },
    {
      "id": "12b80f1596",
      "position": {
        "x": 290,
        "y": 505
      }
    },
    {
      "id": "6fe2861ffd",
      "position": {
        "x": 895,
        "y": 300
      }
    },
    {
      "id": "9864041d4e",
      "position": {
        "x": 265,
        "y": 290
      }
    }
  ],
  "links": [
    {
      "source": "12b80f1596",
      "sourcePort": "out0",
      "target": "5594c59219",
      "points": [
        {
          "x": 496,
          "y": 561
        },
        {
          "x": 199,
          "y": 93
        }
      ]
    },
    {
      "source": "283de3238c",
      "sourcePort": "out0",
      "target": "6fe2861ffd",
      "points": [
        {
          "x": 816,
          "y": 376
        },
        {
          "x": 995,
          "y": 293
        }
      ]
    },
    {
      "source": "4f6f863629",
      "sourcePort": "out0",
      "target": "6fe2861ffd",
      "points": [
        {
          "x": 821,
          "y": 661
        },
        {
          "x": 995,
          "y": 293
        }
      ]
    },
    {
      "source": "5594c59219",
      "sourcePort": "out0",
      "target": "9864041d4e",
      "points": [
        {
          "x": 306,
          "y": 135
        },
        {
          "x": 364,
          "y": 283
        }
      ]
    },
    {
      "source": "9864041d4e",
      "sourcePort": "out1",
      "target": "12b80f1596",
      "points": [
        {
          "x": 471,
          "y": 362
        },
        {
          "x": 390,
          "y": 498
        }
      ]
    },
    {
      "source": "9864041d4e",
      "sourcePort": "out0",
      "target": "283de3238c",
      "points": [
        {
          "x": 471,
          "y": 340
        },
        {
          "x": 709,
          "y": 313
        }
      ]
    },
    {
      "source": "9864041d4e",
      "sourcePort": "out2",
      "target": "4f6f863629",
      "points": [
        {
          "x": 471,
          "y": 384
        },
        {
          "x": 714,
          "y": 598
        }
      ]
    }
  ]
}