{
  "version": "0.0.1",
  "catchAll": {},
  "startNode": "entry",
  "nodes": [
    {
      "id": "36b0f88b52",
      "name": "entry",
      "onEnter": [
        "notifyhuman_pub {\"name\":\"{{user.nickname}}\",\"value\":\"\"}"
      ],
      "onReceive": null,
      "next": [
        {
          "condition": "true",
          "node": "check_exisiting_email"
        }
      ]
    },
    {
      "id": "80fe539c63",
      "name": "node-fef3",
      "next": [
        {
          "condition": "true",
          "node": "node-fef3-copy"
        }
      ],
      "onEnter": [
        "builtin/setVariable {\"type\":\"user\",\"name\":\"email\",\"value\":\"{{user.tempemail}}\"}"
      ],
      "onReceive": null,
      "type": "standard"
    },
    {
      "id": "eb99508dec",
      "name": "node-d735",
      "next": [
        {
          "condition": "temp.tries <=2",
          "node": "node-9ad4"
        },
        {
          "condition": "temp.tries >2",
          "node": "startagain.flow.json"
        }
      ],
      "onEnter": [
        "say #!builtin_text-L61PJh",
        "incrementTries {\"name\":\"\",\"value\":\"{{temp.tries}}\"}"
      ],
      "onReceive": null,
      "type": "standard"
    },
    {
      "id": "cf362ef4b1",
      "name": "node-fef3-copy",
      "next": [
        {
          "condition": "true",
          "node": "node-9864"
        }
      ],
      "onEnter": [
        "say #!builtin_text-CXVaJT"
      ],
      "onReceive": null,
      "type": "standard"
    },
    {
      "id": "5e4d26bfaf",
      "name": "node-9ad4",
      "next": [
        {
          "condition": "temp.valid == true ",
          "node": "node-fef3"
        },
        {
          "condition": "temp.valid == false",
          "node": "node-d735"
        }
      ],
      "onEnter": [
        "say #!builtin_text-UMChev"
      ],
      "onReceive": [
        "builtin/setVariable {\"type\":\"user\",\"name\":\"tempemail\",\"value\":\"{{event.payload.text}}\"}",
        "validateemail {\"email\":\"{{user.tempemail}}\"}"
      ],
      "type": "standard"
    },
    {
      "id": "b3983765b7",
      "name": "check_exisiting_email",
      "next": [
        {
          "condition": "user.email !== undefined && user.email !==null",
          "node": "node-9864"
        },
        {
          "condition": "true",
          "node": "node-9ad4"
        }
      ],
      "onEnter": [],
      "onReceive": null,
      "type": "standard"
    },
    {
      "id": "ef84d89bb2",
      "name": "node-fef3-copy-copy",
      "next": [
        {
          "condition": "true",
          "node": "continuetowait.flow.json"
        }
      ],
      "onEnter": [
        "say #!builtin_text-0yr_b4",
        "builtin/wait {\"delay\":\"20000\"}"
      ],
      "onReceive": null,
      "type": "standard"
    },
    {
      "id": "0d5ecaa27a",
      "name": "node-9864",
      "next": [
        {
          "condition": "true",
          "node": "getphone.flow.json"
        }
      ],
      "onEnter": [],
      "onReceive": null,
      "type": "standard"
    }
  ]
}