{
  "nodes": [
    {
      "id": "36b0f88b52",
      "position": {
        "x": -125,
        "y": -50
      }
    },
    {
      "id": "80fe539c63",
      "position": {
        "x": 430,
        "y": 0
      }
    },
    {
      "id": "eb99508dec",
      "position": {
        "x": 210,
        "y": 240
      }
    },
    {
      "id": "cf362ef4b1",
      "position": {
        "x": 625,
        "y": 70
      }
    },
    {
      "id": "5e4d26bfaf",
      "position": {
        "x": -125,
        "y": 245
      }
    },
    {
      "id": "b3983765b7",
      "position": {
        "x": 75,
        "y": 65
      }
    },
    {
      "id": "ef84d89bb2",
      "position": {
        "x": 535,
        "y": 395
      }
    },
    {
      "id": "0d5ecaa27a",
      "position": {
        "x": 640,
        "y": 280
      }
    }
  ],
  "links": [
    {
      "source": "36b0f88b52",
      "sourcePort": "out0",
      "target": "b3983765b7",
      "points": [
        {
          "x": 81,
          "y": 6
        },
        {
          "x": 175,
          "y": 58
        }
      ]
    },
    {
      "source": "5e4d26bfaf",
      "sourcePort": "out0",
      "target": "80fe539c63",
      "points": [
        {
          "x": 81,
          "y": 359
        },
        {
          "x": 529,
          "y": -7
        }
      ]
    },
    {
      "source": "5e4d26bfaf",
      "sourcePort": "out1",
      "target": "eb99508dec",
      "points": [
        {
          "x": 81,
          "y": 381
        },
        {
          "x": 309,
          "y": 233
        }
      ]
    },
    {
      "source": "80fe539c63",
      "sourcePort": "out0",
      "target": "cf362ef4b1",
      "points": [
        {
          "x": 636,
          "y": 56
        },
        {
          "x": 725,
          "y": 63
        }
      ]
    },
    {
      "source": "b3983765b7",
      "sourcePort": "out0",
      "target": "0d5ecaa27a",
      "points": [
        {
          "x": 281,
          "y": 100
        },
        {
          "x": 739,
          "y": 273
        }
      ]
    },
    {
      "source": "b3983765b7",
      "sourcePort": "out1",
      "target": "5e4d26bfaf",
      "points": [
        {
          "x": 281,
          "y": 137
        },
        {
          "x": -25,
          "y": 238
        }
      ]
    },
    {
      "source": "cf362ef4b1",
      "sourcePort": "out0",
      "target": "0d5ecaa27a",
      "points": [
        {
          "x": 831,
          "y": 126
        },
        {
          "x": 739,
          "y": 273
        }
      ]
    },
    {
      "source": "eb99508dec",
      "sourcePort": "out0",
      "target": "5e4d26bfaf",
      "points": [
        {
          "x": 416,
          "y": 333
        },
        {
          "x": -25,
          "y": 238
        }
      ]
    }
  ]
}