{
  "version": "0.0.1",
  "catchAll": {},
  "startNode": "entry",
  "nodes": [
    {
      "id": "d20f9c22b5",
      "name": "entry",
      "onEnter": [],
      "onReceive": null,
      "next": [
        {
          "condition": "true",
          "node": "spec_conditions"
        }
      ]
    },
    {
      "id": "302b89f4d2",
      "name": "spec_conditions",
      "next": [
        {
          "condition": "user.manuspecs !== null && user.manuspecs !==undefined",
          "node": "node-2e60-copy"
        },
        {
          "condition": "user.manuspecs === undefined",
          "node": "node-ca91-copy"
        },
        {
          "condition": "true",
          "node": "speaktohuman.flow.json"
        }
      ],
      "onEnter": [],
      "onReceive": null,
      "type": "standard"
    },
    {
      "id": "4bdac94664",
      "name": "node-ca91-copy",
      "next": [
        {
          "condition": "true",
          "node": "node-1f11"
        }
      ],
      "onEnter": [
        "say #!builtin_text-AujV5Q"
      ],
      "onReceive": [
        "builtin/setVariable {\"type\":\"user\",\"name\":\"manuspecs\",\"value\":\"{{event.payload.text}}\"}"
      ],
      "type": "standard"
    },
    {
      "id": "748b4876fe",
      "name": "node-2e60-copy",
      "next": [
        {
          "condition": "true",
          "node": "choice-a3f9b0"
        }
      ],
      "onEnter": [
        "say #!builtin_text-9sX-V_"
      ],
      "onReceive": null,
      "type": "standard"
    },
    {
      "id": "7a14f49139",
      "type": "skill-call",
      "skill": "choice",
      "name": "choice-a3f9b0",
      "flow": "skills/choice-a3f9b0.flow.json",
      "next": [
        {
          "caption": "User picked [confirm...]",
          "condition": "temp['skill-choice-ret'] == \"confirmspecs\"",
          "node": "node-1f11"
        },
        {
          "caption": "User picked [reenter...]",
          "condition": "temp['skill-choice-ret'] == \"reenterspecs\"",
          "node": "node-ca91-copy"
        },
        {
          "condition": "true",
          "node": "notsure.flow.json"
        }
      ],
      "onEnter": null,
      "onReceive": null
    },
    {
      "id": "f66793c519",
      "name": "node-1f11",
      "next": [
        {
          "condition": "true",
          "node": "speaktohuman.flow.json"
        }
      ],
      "onEnter": [
        "say #!builtin_text-Yf5Bsz"
      ],
      "onReceive": null,
      "type": "standard"
    }
  ]
}