{
  "nodes": [
    {
      "id": "d20f9c22b5",
      "position": {
        "x": 100,
        "y": 95
      }
    },
    {
      "id": "302b89f4d2",
      "position": {
        "x": 30,
        "y": 200
      }
    },
    {
      "id": "4bdac94664",
      "position": {
        "x": 700,
        "y": 175
      }
    },
    {
      "id": "748b4876fe",
      "position": {
        "x": 50,
        "y": 405
      }
    },
    {
      "id": "7a14f49139",
      "position": {
        "x": 320,
        "y": 390
      }
    },
    {
      "id": "f66793c519",
      "position": {
        "x": 745,
        "y": 420
      }
    }
  ],
  "links": [
    {
      "source": "302b89f4d2",
      "sourcePort": "out1",
      "target": "4bdac94664",
      "points": [
        {
          "x": 236,
          "y": 272
        },
        {
          "x": 800,
          "y": 168
        }
      ]
    },
    {
      "source": "302b89f4d2",
      "sourcePort": "out0",
      "target": "748b4876fe",
      "points": [
        {
          "x": 236,
          "y": 235
        },
        {
          "x": 150,
          "y": 398
        }
      ]
    },
    {
      "source": "4bdac94664",
      "sourcePort": "out0",
      "target": "f66793c519",
      "points": [
        {
          "x": 906,
          "y": 298
        },
        {
          "x": 845,
          "y": 413
        }
      ]
    },
    {
      "source": "748b4876fe",
      "sourcePort": "out0",
      "target": "7a14f49139",
      "points": [
        {
          "x": 256,
          "y": 491
        },
        {
          "x": 420,
          "y": 383
        }
      ]
    },
    {
      "source": "7a14f49139",
      "sourcePort": "out1",
      "target": "4bdac94664",
      "points": [
        {
          "x": 526,
          "y": 462
        },
        {
          "x": 800,
          "y": 168
        }
      ]
    },
    {
      "source": "7a14f49139",
      "sourcePort": "out0",
      "target": "f66793c519",
      "points": [
        {
          "x": 526,
          "y": 440
        },
        {
          "x": 845,
          "y": 413
        }
      ]
    },
    {
      "source": "d20f9c22b5",
      "sourcePort": "out0",
      "target": "302b89f4d2",
      "points": [
        {
          "x": 306,
          "y": 130
        },
        {
          "x": 130,
          "y": 193
        }
      ]
    }
  ]
}