{
  "version": "0.0.1",
  "catchAll": {},
  "startNode": "entry",
  "nodes": [
    {
      "id": "84fcea589b",
      "name": "entry",
      "onEnter": [],
      "onReceive": null,
      "next": [
        {
          "condition": "true",
          "node": "node-cd4c"
        }
      ]
    },
    {
      "id": "cada42a4c8",
      "name": "node-ca91",
      "next": [
        {
          "condition": "true",
          "node": "getemail.flow.json"
        }
      ],
      "onEnter": [
        "say #!builtin_text-apiqF_"
      ],
      "onReceive": [
        "builtin/setVariable {\"type\":\"user\",\"name\":\"nickname\",\"value\":\"{{event.payload.text}}\"}",
        "renameHITLConvos {\"name\":\"\",\"value\":\"\"}"
      ],
      "type": "standard"
    },
    {
      "id": "b18ff252fb",
      "name": "node-7f0d",
      "next": [
        {
          "condition": "true",
          "node": "getemail.flow.json"
        }
      ],
      "onEnter": [],
      "onReceive": null,
      "type": "standard"
    },
    {
      "id": "47b8ef2082",
      "name": "node-2e60",
      "next": [
        {
          "condition": "true",
          "node": "choice-a3bd04"
        }
      ],
      "onEnter": [
        "gettranscript {\"userID\":\"\",\"conversationID\":\"\"}",
        "say #!builtin_text-WcobeK",
        "say #!builtin_text-FblhMZ",
        "say #!builtin_text-tFifSP",
        "say #!builtin_text-wQ7ctZ"
      ],
      "onReceive": null,
      "type": "standard"
    },
    {
      "id": "13e6c054db",
      "name": "node-cd4c",
      "next": [
        {
          "condition": "user.nickname !== null && user.nickname !==undefined",
          "node": "node-2e60"
        },
        {
          "condition": "user.nickname === undefined || user.nickname ===null",
          "node": "node-ca91"
        },
        {
          "condition": "true",
          "node": "node-7f0d"
        }
      ],
      "onEnter": [],
      "onReceive": null,
      "type": "standard"
    },
    {
      "id": "fdebf869ee",
      "name": "node-2f77",
      "next": [
        {
          "condition": "true",
          "node": "entry"
        }
      ],
      "onEnter": [
        "builtin/setVariable {\"type\":\"user\",\"name\":\"nickname\",\"value\":\"null\"}",
        "builtin/setVariable {\"type\":\"user\",\"name\":\"email\",\"value\":\"null\"}",
        "builtin/setVariable {\"type\":\"user\",\"name\":\"phone\",\"value\":\"null\"}"
      ],
      "onReceive": null,
      "type": "standard"
    },
    {
      "id": "0361ff5dff",
      "name": "node-fef3-copy-copy-copy",
      "next": [
        {
          "condition": "true",
          "node": "continuetowait.flow.json"
        }
      ],
      "onEnter": [
        "say #!builtin_text-0yr_b4",
        "builtin/wait {\"delay\":\"20000\"}"
      ],
      "onReceive": null,
      "type": "standard"
    },
    {
      "id": "skill-a3bd04",
      "type": "skill-call",
      "skill": "choice",
      "name": "choice-a3bd04",
      "flow": "skills/choice-a3bd04.flow.json",
      "next": [
        {
          "caption": "User picked [correct...]",
          "condition": "temp['skill-choice-ret-kvowuvsbmm'] == \"correctpersonalinfo\"",
          "node": "node-fef3-copy-copy-copy"
        },
        {
          "caption": "User picked [updatep...]",
          "condition": "temp['skill-choice-ret-kvowuvsbmm'] == \"updatepersonalinfo\"",
          "node": "node-2f77"
        },
        {
          "caption": "On failure",
          "condition": "true",
          "node": "startagain.flow.json"
        }
      ],
      "onEnter": null,
      "onReceive": null
    }
  ]
}