{
  "version": "0.0.1",
  "catchAll": {},
  "startNode": "entry",
  "nodes": [
    {
      "id": "0f445ca988",
      "name": "entry",
      "onEnter": [],
      "onReceive": null,
      "next": [
        {
          "condition": "true",
          "node": "node-cd4c"
        }
      ]
    },
    {
      "id": "3feb6d0e5e",
      "name": "node-ca91",
      "next": [
        {
          "condition": "true",
          "node": "getemail.flow.json"
        }
      ],
      "onEnter": [
        "say #!builtin_text-apiqF_"
      ],
      "onReceive": [
        "builtin/setVariable {\"type\":\"user\",\"name\":\"nickname\",\"value\":\"{{event.payload.text}}\"}"
      ],
      "type": "standard"
    },
    {
      "id": "a5f74bff56",
      "name": "node-7f0d",
      "next": [
        {
          "condition": "true",
          "node": "getemail.flow.json"
        }
      ],
      "onEnter": [],
      "onReceive": null,
      "type": "standard"
    },
    {
      "id": "af6cb1edd1",
      "name": "node-2e60",
      "next": [
        {
          "condition": "true",
          "node": "getemail.flow.json"
        }
      ],
      "onEnter": [
        "say #!builtin_text-WcobeK",
        "say #!builtin_text-FblhMZ"
      ],
      "onReceive": null,
      "type": "standard"
    },
    {
      "id": "1d3a98e3aa",
      "name": "node-cd4c",
      "next": [
        {
          "condition": "user.nickname !== null && user.nickname !==undefined",
          "node": "node-2e60"
        },
        {
          "condition": "user.nickname === undefined",
          "node": "node-ca91"
        },
        {
          "condition": "true",
          "node": "node-7f0d"
        }
      ],
      "onEnter": [],
      "onReceive": null,
      "type": "standard"
    }
  ]
}