{
  "nodes": [
    {
      "id": "84fcea589b",
      "position": {
        "x": 20,
        "y": -40
      }
    },
    {
      "id": "cada42a4c8",
      "position": {
        "x": 835,
        "y": 275
      }
    },
    {
      "id": "b18ff252fb",
      "position": {
        "x": 775,
        "y": 505
      }
    },
    {
      "id": "47b8ef2082",
      "position": {
        "x": -65,
        "y": 95
      }
    },
    {
      "id": "13e6c054db",
      "position": {
        "x": 355,
        "y": -25
      }
    },
    {
      "id": "fdebf869ee",
      "position": {
        "x": 440,
        "y": 565
      }
    },
    {
      "id": "0361ff5dff",
      "position": {
        "x": 320,
        "y": 400
      }
    },
    {
      "id": "skill-a3bd04",
      "position": {
        "x": -10,
        "y": 440
      }
    }
  ],
  "links": [
    {
      "source": "13e6c054db",
      "sourcePort": "out0",
      "target": "47b8ef2082",
      "points": [
        {
          "x": 561,
          "y": 10
        },
        {
          "x": 34,
          "y": 88
        }
      ]
    },
    {
      "source": "13e6c054db",
      "sourcePort": "out2",
      "target": "b18ff252fb",
      "points": [
        {
          "x": 561,
          "y": 84
        },
        {
          "x": 874,
          "y": 498
        }
      ]
    },
    {
      "source": "13e6c054db",
      "sourcePort": "out1",
      "target": "cada42a4c8",
      "points": [
        {
          "x": 561,
          "y": 47
        },
        {
          "x": 935,
          "y": 268
        }
      ]
    },
    {
      "source": "47b8ef2082",
      "sourcePort": "out0",
      "target": "skill-a3bd04",
      "points": [
        {
          "x": 141,
          "y": 285
        },
        {
          "x": 90,
          "y": 433
        }
      ]
    },
    {
      "source": "84fcea589b",
      "sourcePort": "out0",
      "target": "13e6c054db",
      "points": [
        {
          "x": 226,
          "y": -5
        },
        {
          "x": 454,
          "y": -32
        }
      ]
    },
    {
      "source": "fdebf869ee",
      "sourcePort": "out0",
      "target": "84fcea589b",
      "points": [
        {
          "x": 646,
          "y": 665
        },
        {
          "x": 119,
          "y": -47
        }
      ]
    },
    {
      "source": "skill-a3bd04",
      "sourcePort": "out0",
      "target": "0361ff5dff",
      "points": [
        {
          "x": 196,
          "y": 490
        },
        {
          "x": 419,
          "y": 393
        }
      ]
    },
    {
      "source": "skill-a3bd04",
      "sourcePort": "out1",
      "target": "fdebf869ee",
      "points": [
        {
          "x": 196,
          "y": 512
        },
        {
          "x": 540,
          "y": 558
        }
      ]
    }
  ]
}