{
  "nodes": [
    {
      "id": "0f445ca988",
      "position": {
        "x": 100,
        "y": 100
      }
    },
    {
      "id": "3feb6d0e5e",
      "position": {
        "x": 835,
        "y": 275
      }
    },
    {
      "id": "a5f74bff56",
      "position": {
        "x": 775,
        "y": 505
      }
    },
    {
      "id": "af6cb1edd1",
      "position": {
        "x": 455,
        "y": 475
      }
    },
    {
      "id": "1d3a98e3aa",
      "position": {
        "x": 245,
        "y": 200
      }
    }
  ],
  "links": [
    {
      "source": "0f445ca988",
      "sourcePort": "out0",
      "target": "1d3a98e3aa",
      "points": [
        {
          "x": 306,
          "y": 135
        },
        {
          "x": 345,
          "y": 193
        }
      ]
    },
    {
      "source": "1d3a98e3aa",
      "sourcePort": "out1",
      "target": "3feb6d0e5e",
      "points": [
        {
          "x": 451,
          "y": 272
        },
        {
          "x": 935,
          "y": 268
        }
      ]
    },
    {
      "source": "1d3a98e3aa",
      "sourcePort": "out2",
      "target": "a5f74bff56",
      "points": [
        {
          "x": 451,
          "y": 294
        },
        {
          "x": 875,
          "y": 498
        }
      ]
    },
    {
      "source": "1d3a98e3aa",
      "sourcePort": "out0",
      "target": "af6cb1edd1",
      "points": [
        {
          "x": 451,
          "y": 235
        },
        {
          "x": 555,
          "y": 468
        }
      ]
    }
  ]
}