{
  "version": "0.0.1",
  "catchAll": {},
  "startNode": "entry",
  "nodes": [
    {
      "id": "3aafa4cc19",
      "name": "entry",
      "onEnter": [],
      "onReceive": null,
      "next": [
        {
          "condition": "true",
          "node": "choice-59599f"
        }
      ]
    },
    {
      "id": "bd89571527",
      "name": "node-fef3",
      "next": [
        {
          "condition": "true",
          "node": "node-fef3-copy"
        }
      ],
      "onEnter": [
        "builtin/setVariable {\"type\":\"user\",\"name\":\"phone\",\"value\":\"{{user.tempphone}}\"}"
      ],
      "onReceive": null,
      "type": "standard"
    },
    {
      "id": "795138b106",
      "name": "node-df70",
      "next": [
        {
          "condition": "true",
          "node": "node-fef3-copy-copy"
        }
      ],
      "onEnter": [
        "say #!builtin_text-wQ7ctZ"
      ],
      "onReceive": null,
      "type": "standard"
    },
    {
      "id": "c6a0cc2480",
      "name": "node-d735",
      "next": [
        {
          "condition": "temp.tries <=2",
          "node": "node-9ad4"
        },
        {
          "condition": "temp.tries >2",
          "node": "startagain.flow.json"
        }
      ],
      "onEnter": [
        "say #!builtin_text-tAp4rz",
        "incrementTries {\"name\":\"\",\"value\":\"{{temp.tries}}\"}",
        "say #!builtin_text-xUgYbc"
      ],
      "onReceive": null,
      "type": "standard"
    },
    {
      "id": "4aa3ebd56a",
      "name": "node-fef3-copy",
      "next": [
        {
          "condition": "true",
          "node": "node-fef3-copy-copy"
        }
      ],
      "onEnter": [
        "say #!builtin_text-prICSx",
        "say #!builtin_text-CXVaJT"
      ],
      "onReceive": null,
      "type": "standard"
    },
    {
      "id": "293adcf285",
      "name": "node-9ad4",
      "next": [
        {
          "condition": "temp.pnvalid == true ",
          "node": "node-fef3"
        },
        {
          "condition": "temp.pnvalid == false",
          "node": "node-d735"
        }
      ],
      "onEnter": [
        "say #!builtin_text-uW68qJ"
      ],
      "onReceive": [
        "builtin/setVariable {\"type\":\"user\",\"name\":\"tempphone\",\"value\":\"{{event.payload.text}}\"}",
        "validatephone {\"name\":\"\",\"value\":\"{{user.tempphone}}\"}"
      ],
      "type": "standard"
    },
    {
      "id": "0c3a47dd24",
      "name": "check_exisiting_phone",
      "next": [
        {
          "condition": "user.phone!== undefined && user.phone !==null",
          "node": "node-df70"
        },
        {
          "condition": "true",
          "node": "node-9ad4"
        }
      ],
      "onEnter": [],
      "onReceive": null,
      "type": "standard"
    },
    {
      "id": "e21e4be29b",
      "name": "node-fef3-copy-copy",
      "next": [
        {
          "condition": "true",
          "node": "continuetowait.flow.json"
        }
      ],
      "onEnter": [
        "say #!builtin_text-0yr_b4",
        "builtin/wait {\"delay\":\"20000\"}"
      ],
      "onReceive": null,
      "type": "standard"
    },
    {
      "id": "73b2484d7f",
      "type": "skill-call",
      "skill": "choice",
      "name": "choice-59599f",
      "flow": "skills/choice-59599f.flow.json",
      "next": [
        {
          "caption": "User picked [shareph...]",
          "condition": "temp['skill-choice-ret'] == \"sharephonenumber\"",
          "node": "check_exisiting_phone"
        },
        {
          "caption": "User picked [dontsha...]",
          "condition": "temp['skill-choice-ret'] == \"dontsharephonenumber\"",
          "node": "node-2d68"
        },
        {
          "condition": "true",
          "node": "startagain.flow.json"
        }
      ],
      "onEnter": null,
      "onReceive": null
    },
    {
      "id": "523a2630e3",
      "name": "node-2d68",
      "next": [
        {
          "condition": "true",
          "node": "node-fef3-copy-copy"
        }
      ],
      "onEnter": [
        "say #!builtin_text-_AjJ8e"
      ],
      "onReceive": null,
      "type": "standard"
    }
  ]
}