{
  "nodes": [
    {
      "id": "53e725c6ab",
      "position": {
        "x": -335,
        "y": -150
      }
    },
    {
      "id": "65cf592110",
      "position": {
        "x": 300,
        "y": -60
      }
    },
    {
      "id": "a7a188dca3",
      "position": {
        "x": 230,
        "y": 340
      }
    },
    {
      "id": "3aa558fa93",
      "position": {
        "x": 560,
        "y": 80
      }
    },
    {
      "id": "dd7dd1e05d",
      "position": {
        "x": -125,
        "y": 310
      }
    },
    {
      "id": "2d2f61a16f",
      "position": {
        "x": -165,
        "y": -95
      }
    },
    {
      "id": "00b9cf5600",
      "position": {
        "x": 545,
        "y": 305
      }
    },
    {
      "id": "dbf058be17",
      "position": {
        "x": -330,
        "y": 255
      }
    },
    {
      "id": "skill-09253d",
      "position": {
        "x": -435,
        "y": 20
      }
    }
  ],
  "links": [
    {
      "source": "2d2f61a16f",
      "sourcePort": "out0",
      "target": "00b9cf5600",
      "points": [
        {
          "x": 41,
          "y": -60
        },
        {
          "x": 645,
          "y": 298
        }
      ]
    },
    {
      "source": "2d2f61a16f",
      "sourcePort": "out1",
      "target": "skill-09253d",
      "points": [
        {
          "x": 41,
          "y": -23
        },
        {
          "x": -335,
          "y": 13
        }
      ]
    },
    {
      "source": "3aa558fa93",
      "sourcePort": "out0",
      "target": "00b9cf5600",
      "points": [
        {
          "x": 766,
          "y": 136
        },
        {
          "x": 645,
          "y": 298
        }
      ]
    },
    {
      "source": "53e725c6ab",
      "sourcePort": "out0",
      "target": "2d2f61a16f",
      "points": [
        {
          "x": -129,
          "y": -115
        },
        {
          "x": -65,
          "y": -102
        }
      ]
    },
    {
      "source": "65cf592110",
      "sourcePort": "out0",
      "target": "3aa558fa93",
      "points": [
        {
          "x": 506,
          "y": -4
        },
        {
          "x": 660,
          "y": 73
        }
      ]
    },
    {
      "source": "a7a188dca3",
      "sourcePort": "out0",
      "target": "dd7dd1e05d",
      "points": [
        {
          "x": 436,
          "y": 433
        },
        {
          "x": -25,
          "y": 303
        }
      ]
    },
    {
      "source": "dbf058be17",
      "sourcePort": "out0",
      "target": "00b9cf5600",
      "points": [
        {
          "x": -124,
          "y": 311
        },
        {
          "x": 645,
          "y": 298
        }
      ]
    },
    {
      "source": "dd7dd1e05d",
      "sourcePort": "out0",
      "target": "65cf592110",
      "points": [
        {
          "x": 81,
          "y": 440
        },
        {
          "x": 400,
          "y": -67
        }
      ]
    },
    {
      "source": "dd7dd1e05d",
      "sourcePort": "out1",
      "target": "a7a188dca3",
      "points": [
        {
          "x": 81,
          "y": 462
        },
        {
          "x": 330,
          "y": 333
        }
      ]
    },
    {
      "source": "skill-09253d",
      "sourcePort": "out0",
      "target": "dbf058be17",
      "points": [
        {
          "x": -229,
          "y": 70
        },
        {
          "x": -230,
          "y": 248
        }
      ]
    },
    {
      "source": "skill-09253d",
      "sourcePort": "out1",
      "target": "dd7dd1e05d",
      "points": [
        {
          "x": -229,
          "y": 92
        },
        {
          "x": -25,
          "y": 303
        }
      ]
    }
  ]
}