{
  "version": "0.0.1",
  "catchAll": {},
  "startNode": "entry",
  "nodes": [
    {
      "id": "53e725c6ab",
      "name": "entry",
      "onEnter": [],
      "onReceive": null,
      "next": [
        {
          "condition": "true",
          "node": "check_exisiting_phone"
        }
      ]
    },
    {
      "id": "65cf592110",
      "name": "node-fef3",
      "next": [
        {
          "condition": "true",
          "node": "node-fef3-copy"
        }
      ],
      "onEnter": [
        "builtin/setVariable {\"type\":\"user\",\"name\":\"phone\",\"value\":\"{{user.tempphone}}\"}"
      ],
      "onReceive": null,
      "type": "standard"
    },
    {
      "id": "a7a188dca3",
      "name": "node-d735",
      "next": [
        {
          "condition": "temp.tries <=2",
          "node": "node-9ad4"
        },
        {
          "condition": "temp.tries >2",
          "node": "startagain.flow.json"
        }
      ],
      "onEnter": [
        "say #!builtin_text-tAp4rz",
        "incrementTries {\"name\":\"\",\"value\":\"{{temp.tries}}\"}"
      ],
      "onReceive": null,
      "type": "standard"
    },
    {
      "id": "3aa558fa93",
      "name": "node-fef3-copy",
      "next": [
        {
          "condition": "true",
          "node": "node-fef3-copy-copy"
        }
      ],
      "onEnter": [
        "say #!builtin_text-CXVaJT"
      ],
      "onReceive": null,
      "type": "standard"
    },
    {
      "id": "dd7dd1e05d",
      "name": "node-9ad4",
      "next": [
        {
          "condition": "temp.pnvalid == true ",
          "node": "node-fef3"
        },
        {
          "condition": "temp.pnvalid == false",
          "node": "node-d735"
        }
      ],
      "onEnter": [
        "say #!builtin_text-uW68qJ"
      ],
      "onReceive": [
        "builtin/setVariable {\"type\":\"user\",\"name\":\"tempphone\",\"value\":\"{{event.payload.text}}\"}",
        "validatephone {\"name\":\"\",\"value\":\"{{user.tempphone}}\"}"
      ],
      "type": "standard"
    },
    {
      "id": "2d2f61a16f",
      "name": "check_exisiting_phone",
      "next": [
        {
          "condition": "user.phone!== undefined && user.phone !==null",
          "node": "node-fef3-copy-copy"
        },
        {
          "condition": "true",
          "node": "choice-09253d"
        }
      ],
      "onEnter": [],
      "onReceive": null,
      "type": "standard"
    },
    {
      "id": "00b9cf5600",
      "name": "node-fef3-copy-copy",
      "next": [
        {
          "condition": "true",
          "node": "continuetowait.flow.json"
        }
      ],
      "onEnter": [
        "say #!builtin_text-0yr_b4",
        "builtin/wait {\"delay\":\"60000\"}",
        "gettranscript {\"userID\":\"{{event.target}}\",\"conversationID\":\"{{event.threadId}}\"}"
      ],
      "onReceive": null,
      "type": "standard"
    },
    {
      "id": "dbf058be17",
      "name": "node-2d68",
      "next": [
        {
          "condition": "true",
          "node": "node-fef3-copy-copy"
        }
      ],
      "onEnter": [
        "say #!builtin_text-_AjJ8e"
      ],
      "onReceive": null,
      "type": "standard"
    },
    {
      "id": "skill-09253d",
      "type": "skill-call",
      "skill": "choice",
      "name": "choice-09253d",
      "flow": "skills/choice-09253d.flow.json",
      "next": [
        {
          "caption": "User picked [dontsha...]",
          "condition": "temp['skill-choice-ret-actijvqpkz'] == \"dontsharephonenumber\"",
          "node": "node-2d68"
        },
        {
          "caption": "User picked [shareph...]",
          "condition": "temp['skill-choice-ret-actijvqpkz'] == \"sharephonenumber\"",
          "node": "node-9ad4"
        },
        {
          "caption": "On failure",
          "condition": "true",
          "node": "startagain.flow.json"
        }
      ],
      "onEnter": null,
      "onReceive": null
    }
  ]
}