{
  "nodes": [
    {
      "id": "3aafa4cc19",
      "position": {
        "x": -275,
        "y": -105
      }
    },
    {
      "id": "bd89571527",
      "position": {
        "x": 430,
        "y": 0
      }
    },
    {
      "id": "795138b106",
      "position": {
        "x": 480,
        "y": 250
      }
    },
    {
      "id": "c6a0cc2480",
      "position": {
        "x": 230,
        "y": 340
      }
    },
    {
      "id": "4aa3ebd56a",
      "position": {
        "x": 625,
        "y": 70
      }
    },
    {
      "id": "293adcf285",
      "position": {
        "x": -80,
        "y": 320
      }
    },
    {
      "id": "0c3a47dd24",
      "position": {
        "x": 80,
        "y": -80
      }
    },
    {
      "id": "e21e4be29b",
      "position": {
        "x": 585,
        "y": 400
      }
    },
    {
      "id": "73b2484d7f",
      "position": {
        "x": -280,
        "y": 55
      }
    },
    {
      "id": "523a2630e3",
      "position": {
        "x": -195,
        "y": 230
      }
    }
  ],
  "links": [
    {
      "source": "0c3a47dd24",
      "sourcePort": "out1",
      "target": "293adcf285",
      "points": [
        {
          "x": 286,
          "y": -8
        },
        {
          "x": 19,
          "y": 313
        }
      ]
    },
    {
      "source": "0c3a47dd24",
      "sourcePort": "out0",
      "target": "795138b106",
      "points": [
        {
          "x": 286,
          "y": -45
        },
        {
          "x": 580,
          "y": 243
        }
      ]
    },
    {
      "source": "293adcf285",
      "sourcePort": "out0",
      "target": "bd89571527",
      "points": [
        {
          "x": 126,
          "y": 450
        },
        {
          "x": 530,
          "y": -7
        }
      ]
    },
    {
      "source": "293adcf285",
      "sourcePort": "out1",
      "target": "c6a0cc2480",
      "points": [
        {
          "x": 126,
          "y": 472
        },
        {
          "x": 330,
          "y": 333
        }
      ]
    },
    {
      "source": "3aafa4cc19",
      "sourcePort": "out0",
      "target": "73b2484d7f",
      "points": [
        {
          "x": -69,
          "y": -70
        },
        {
          "x": -180,
          "y": 48
        }
      ]
    },
    {
      "source": "4aa3ebd56a",
      "sourcePort": "out0",
      "target": "e21e4be29b",
      "points": [
        {
          "x": 831,
          "y": 163
        },
        {
          "x": 685,
          "y": 393
        }
      ]
    },
    {
      "source": "523a2630e3",
      "sourcePort": "out0",
      "target": "e21e4be29b",
      "points": [
        {
          "x": 11,
          "y": 286
        },
        {
          "x": 685,
          "y": 393
        }
      ]
    },
    {
      "source": "73b2484d7f",
      "sourcePort": "out0",
      "target": "0c3a47dd24",
      "points": [
        {
          "x": -74,
          "y": 105
        },
        {
          "x": 180,
          "y": -87
        }
      ]
    },
    {
      "source": "73b2484d7f",
      "sourcePort": "out1",
      "target": "523a2630e3",
      "points": [
        {
          "x": -74,
          "y": 127
        },
        {
          "x": -96,
          "y": 223
        }
      ]
    },
    {
      "source": "795138b106",
      "sourcePort": "out0",
      "target": "e21e4be29b",
      "points": [
        {
          "x": 686,
          "y": 321
        },
        {
          "x": 685,
          "y": 393
        }
      ]
    },
    {
      "source": "bd89571527",
      "sourcePort": "out0",
      "target": "4aa3ebd56a",
      "points": [
        {
          "x": 636,
          "y": 56
        },
        {
          "x": 725,
          "y": 63
        }
      ]
    },
    {
      "source": "c6a0cc2480",
      "sourcePort": "out0",
      "target": "293adcf285",
      "points": [
        {
          "x": 436,
          "y": 486
        },
        {
          "x": 19,
          "y": 313
        }
      ]
    }
  ]
}