{
  "nodes": [
    {
      "id": "74c88e20db",
      "position": {
        "x": 100,
        "y": 95
      }
    },
    {
      "id": "ba246fd38c",
      "position": {
        "x": 30,
        "y": 200
      }
    },
    {
      "id": "18a139c28f",
      "position": {
        "x": 700,
        "y": 175
      }
    },
    {
      "id": "c68f0c600b",
      "position": {
        "x": 50,
        "y": 405
      }
    },
    {
      "id": "9f060616e7",
      "position": {
        "x": 320,
        "y": 390
      }
    },
    {
      "id": "4a916b9096",
      "position": {
        "x": 745,
        "y": 420
      }
    }
  ],
  "links": [
    {
      "source": "18a139c28f",
      "sourcePort": "out0",
      "target": "4a916b9096",
      "points": [
        {
          "x": 906,
          "y": 267
        },
        {
          "x": 844,
          "y": 413
        }
      ]
    },
    {
      "source": "74c88e20db",
      "sourcePort": "out0",
      "target": "ba246fd38c",
      "points": [
        {
          "x": 306,
          "y": 130
        },
        {
          "x": 129,
          "y": 193
        }
      ]
    },
    {
      "source": "9f060616e7",
      "sourcePort": "out1",
      "target": "18a139c28f",
      "points": [
        {
          "x": 526,
          "y": 462
        },
        {
          "x": 799,
          "y": 168
        }
      ]
    },
    {
      "source": "9f060616e7",
      "sourcePort": "out0",
      "target": "4a916b9096",
      "points": [
        {
          "x": 526,
          "y": 440
        },
        {
          "x": 844,
          "y": 413
        }
      ]
    },
    {
      "source": "ba246fd38c",
      "sourcePort": "out1",
      "target": "18a139c28f",
      "points": [
        {
          "x": 236,
          "y": 287
        },
        {
          "x": 799,
          "y": 168
        }
      ]
    },
    {
      "source": "ba246fd38c",
      "sourcePort": "out0",
      "target": "c68f0c600b",
      "points": [
        {
          "x": 236,
          "y": 235
        },
        {
          "x": 149,
          "y": 398
        }
      ]
    },
    {
      "source": "c68f0c600b",
      "sourcePort": "out0",
      "target": "9f060616e7",
      "points": [
        {
          "x": 256,
          "y": 507
        },
        {
          "x": 419,
          "y": 383
        }
      ]
    }
  ]
}