{
  "nodes": [
    {
      "id": "a3a17e05d7",
      "position": {
        "x": 100,
        "y": 95
      }
    },
    {
      "id": "b7e3856a84",
      "position": {
        "x": 30,
        "y": 200
      }
    },
    {
      "id": "4762249b2e",
      "position": {
        "x": 700,
        "y": 175
      }
    },
    {
      "id": "1d3b736d38",
      "position": {
        "x": 50,
        "y": 405
      }
    },
    {
      "id": "skill-a3f9b0",
      "position": {
        "x": 320,
        "y": 390
      }
    },
    {
      "id": "5e6cfffacf",
      "position": {
        "x": 750,
        "y": 445
      }
    },
    {
      "id": "68821d34aa",
      "position": {
        "x": 965,
        "y": 310
      }
    }
  ],
  "links": [
    {
      "source": "1d3b736d38",
      "sourcePort": "out0",
      "target": "skill-a3f9b0",
      "points": [
        {
          "x": 256,
          "y": 491
        },
        {
          "x": 420,
          "y": 383
        }
      ]
    },
    {
      "source": "4762249b2e",
      "sourcePort": "out0",
      "target": "68821d34aa",
      "points": [
        {
          "x": 906,
          "y": 298
        },
        {
          "x": 1065,
          "y": 303
        }
      ]
    },
    {
      "source": "a3a17e05d7",
      "sourcePort": "out0",
      "target": "b7e3856a84",
      "points": [
        {
          "x": 306,
          "y": 130
        },
        {
          "x": 130,
          "y": 193
        }
      ]
    },
    {
      "source": "b7e3856a84",
      "sourcePort": "out0",
      "target": "1d3b736d38",
      "points": [
        {
          "x": 236,
          "y": 235
        },
        {
          "x": 150,
          "y": 398
        }
      ]
    },
    {
      "source": "b7e3856a84",
      "sourcePort": "out1",
      "target": "4762249b2e",
      "points": [
        {
          "x": 236,
          "y": 272
        },
        {
          "x": 800,
          "y": 168
        }
      ]
    },
    {
      "source": "skill-a3f9b0",
      "sourcePort": "out1",
      "target": "4762249b2e",
      "points": [
        {
          "x": 526,
          "y": 462
        },
        {
          "x": 800,
          "y": 168
        }
      ]
    },
    {
      "source": "skill-a3f9b0",
      "sourcePort": "out0",
      "target": "5e6cfffacf",
      "points": [
        {
          "x": 526,
          "y": 440
        },
        {
          "x": 850,
          "y": 438
        }
      ]
    }
  ]
}