{
  "version": "0.0.1",
  "catchAll": {},
  "startNode": "entry",
  "nodes": [
    {
      "id": "a3a17e05d7",
      "name": "entry",
      "onEnter": [],
      "onReceive": null,
      "next": [
        {
          "condition": "true",
          "node": "spec_conditions"
        }
      ]
    },
    {
      "id": "b7e3856a84",
      "name": "spec_conditions",
      "next": [
        {
          "condition": "user.specs !== null && user.specs !==undefined",
          "node": "node-2e60-copy"
        },
        {
          "condition": "user.specs === undefined",
          "node": "node-ca91-copy"
        },
        {
          "condition": "true",
          "node": "speaktohuman.flow.json"
        }
      ],
      "onEnter": [],
      "onReceive": null,
      "type": "standard"
    },
    {
      "id": "4762249b2e",
      "name": "node-ca91-copy",
      "next": [
        {
          "condition": "true",
          "node": "node-fe38"
        }
      ],
      "onEnter": [
        "say #!builtin_text-16IcBH"
      ],
      "onReceive": [
        "builtin/setVariable {\"type\":\"user\",\"name\":\"specs\",\"value\":\"{{event.payload.text}}\"}"
      ],
      "type": "standard"
    },
    {
      "id": "1d3b736d38",
      "name": "node-2e60-copy",
      "next": [
        {
          "condition": "true",
          "node": "choice-a3f9b0"
        }
      ],
      "onEnter": [
        "say #!builtin_text-QNCljP"
      ],
      "onReceive": null,
      "type": "standard"
    },
    {
      "id": "skill-a3f9b0",
      "type": "skill-call",
      "skill": "choice",
      "name": "choice-a3f9b0",
      "flow": "skills/choice-a3f9b0.flow.json",
      "next": [
        {
          "caption": "User picked [confirm...]",
          "condition": "temp['skill-choice-ret'] == \"confirmspecs\"",
          "node": "node-1f11"
        },
        {
          "caption": "User picked [reenter...]",
          "condition": "temp['skill-choice-ret'] == \"reenterspecs\"",
          "node": "node-ca91-copy"
        },
        {
          "condition": "true",
          "node": "notsure.flow.json"
        }
      ],
      "onEnter": null,
      "onReceive": null
    },
    {
      "id": "5e6cfffacf",
      "name": "node-1f11",
      "next": [
        {
          "condition": "true",
          "node": "speaktohuman.flow.json"
        }
      ],
      "onEnter": [
        "say #!builtin_text-Yf5Bsz"
      ],
      "onReceive": null,
      "type": "standard"
    },
    {
      "id": "68821d34aa",
      "name": "node-fe38",
      "next": [
        {
          "condition": "user.specs  === undefined",
          "node": ""
        }
      ],
      "onEnter": [
        "say #!builtin_text-u3Y8qI"
      ],
      "onReceive": null,
      "type": "standard"
    }
  ]
}