{
  "version": "0.0.1",
  "catchAll": {},
  "startNode": "entry",
  "nodes": [
    {
      "id": "74c88e20db",
      "name": "entry",
      "onEnter": [],
      "onReceive": null,
      "next": [
        {
          "condition": "true",
          "node": "spec_conditions"
        }
      ]
    },
    {
      "id": "ba246fd38c",
      "name": "spec_conditions",
      "next": [
        {
          "condition": "user.psrworkordernum !== null && user.psrworkordernum !==undefined",
          "node": "node-2e60-copy"
        },
        {
          "condition": "user.psrworkordernum === undefined",
          "node": "node-ca91-copy"
        },
        {
          "condition": "true",
          "node": "speaktohuman.flow.json"
        }
      ],
      "onEnter": [],
      "onReceive": null,
      "type": "standard"
    },
    {
      "id": "18a139c28f",
      "name": "node-ca91-copy",
      "next": [
        {
          "condition": "true",
          "node": "node-1f11"
        }
      ],
      "onEnter": [
        "say #!builtin_text-lWpvhl"
      ],
      "onReceive": [
        "builtin/setVariable {\"type\":\"user\",\"name\":\"psrworkordernum\",\"value\":\"{{event.payload.text}}\"}"
      ],
      "type": "standard"
    },
    {
      "id": "c68f0c600b",
      "name": "node-2e60-copy",
      "next": [
        {
          "condition": "true",
          "node": "choice-a3f9b0"
        }
      ],
      "onEnter": [
        "say #!builtin_text-qDTUJf"
      ],
      "onReceive": null,
      "type": "standard"
    },
    {
      "id": "9f060616e7",
      "type": "skill-call",
      "skill": "choice",
      "name": "choice-a3f9b0",
      "flow": "skills/choice-a3f9b0.flow.json",
      "next": [
        {
          "caption": "User picked [confirm...]",
          "condition": "temp['skill-choice-ret'] == \"confirmspecs\"",
          "node": "node-1f11"
        },
        {
          "caption": "User picked [reenter...]",
          "condition": "temp['skill-choice-ret'] == \"reenterspecs\"",
          "node": "node-ca91-copy"
        },
        {
          "condition": "true",
          "node": "notsure.flow.json"
        }
      ],
      "onEnter": null,
      "onReceive": null
    },
    {
      "id": "4a916b9096",
      "name": "node-1f11",
      "next": [
        {
          "condition": "true",
          "node": "speaktohuman.flow.json"
        }
      ],
      "onEnter": [
        "say #!builtin_text-Yf5Bsz"
      ],
      "onReceive": null,
      "type": "standard"
    }
  ]
}