{
  "version": "0.0.1",
  "catchAll": {},
  "startNode": "entry",
  "nodes": [
    {
      "id": "b318fe71a9",
      "name": "entry",
      "onEnter": [],
      "onReceive": null,
      "next": [
        {
          "condition": "true",
          "node": "spec_conditions"
        }
      ]
    },
    {
      "id": "f68d4ecfb5",
      "name": "spec_conditions",
      "next": [
        {
          "condition": "user.testrigspecs !== null && user.testrigspecs !==undefined",
          "node": "node-2e60-copy"
        },
        {
          "condition": "user.testrigspecs === undefined",
          "node": "node-ca91-copy"
        },
        {
          "condition": "true",
          "node": "speaktohuman.flow.json"
        }
      ],
      "onEnter": [],
      "onReceive": null,
      "type": "standard"
    },
    {
      "id": "79db7f41d9",
      "name": "node-ca91-copy",
      "next": [
        {
          "condition": "true",
          "node": "node-1f11"
        }
      ],
      "onEnter": [
        "say #!builtin_text-4wiKKn"
      ],
      "onReceive": [
        "builtin/setVariable {\"type\":\"user\",\"name\":\"testrigspecs\",\"value\":\"{{event.payload.text}}\"}"
      ],
      "type": "standard"
    },
    {
      "id": "39ab861074",
      "name": "node-2e60-copy",
      "next": [
        {
          "condition": "true",
          "node": "choice-a3f9b0"
        }
      ],
      "onEnter": [
        "say #!builtin_text-3B8hr4"
      ],
      "onReceive": null,
      "type": "standard"
    },
    {
      "id": "dc4b7133c4",
      "type": "skill-call",
      "skill": "choice",
      "name": "choice-a3f9b0",
      "flow": "skills/choice-a3f9b0.flow.json",
      "next": [
        {
          "caption": "User picked [confirm...]",
          "condition": "temp['skill-choice-ret'] == \"confirmspecs\"",
          "node": "node-1f11"
        },
        {
          "caption": "User picked [reenter...]",
          "condition": "temp['skill-choice-ret'] == \"reenterspecs\"",
          "node": "node-ca91-copy"
        },
        {
          "condition": "true",
          "node": "notsure.flow.json"
        }
      ],
      "onEnter": null,
      "onReceive": null
    },
    {
      "id": "f452cef1bd",
      "name": "node-1f11",
      "next": [
        {
          "condition": "true",
          "node": "speaktohuman.flow.json"
        }
      ],
      "onEnter": [
        "say #!builtin_text-Yf5Bsz"
      ],
      "onReceive": null,
      "type": "standard"
    }
  ]
}