{
  "nodes": [
    {
      "id": "b318fe71a9",
      "position": {
        "x": 100,
        "y": 95
      }
    },
    {
      "id": "f68d4ecfb5",
      "position": {
        "x": 30,
        "y": 200
      }
    },
    {
      "id": "79db7f41d9",
      "position": {
        "x": 700,
        "y": 175
      }
    },
    {
      "id": "39ab861074",
      "position": {
        "x": 50,
        "y": 405
      }
    },
    {
      "id": "dc4b7133c4",
      "position": {
        "x": 320,
        "y": 390
      }
    },
    {
      "id": "f452cef1bd",
      "position": {
        "x": 745,
        "y": 420
      }
    }
  ],
  "links": [
    {
      "source": "39ab861074",
      "sourcePort": "out0",
      "target": "dc4b7133c4",
      "points": [
        {
          "x": 256,
          "y": 507
        },
        {
          "x": 420,
          "y": 383
        }
      ]
    },
    {
      "source": "79db7f41d9",
      "sourcePort": "out0",
      "target": "f452cef1bd",
      "points": [
        {
          "x": 906,
          "y": 283
        },
        {
          "x": 845,
          "y": 413
        }
      ]
    },
    {
      "source": "b318fe71a9",
      "sourcePort": "out0",
      "target": "f68d4ecfb5",
      "points": [
        {
          "x": 306,
          "y": 130
        },
        {
          "x": 130,
          "y": 193
        }
      ]
    },
    {
      "source": "dc4b7133c4",
      "sourcePort": "out1",
      "target": "79db7f41d9",
      "points": [
        {
          "x": 526,
          "y": 462
        },
        {
          "x": 800,
          "y": 168
        }
      ]
    },
    {
      "source": "dc4b7133c4",
      "sourcePort": "out0",
      "target": "f452cef1bd",
      "points": [
        {
          "x": 526,
          "y": 440
        },
        {
          "x": 845,
          "y": 413
        }
      ]
    },
    {
      "source": "f68d4ecfb5",
      "sourcePort": "out0",
      "target": "39ab861074",
      "points": [
        {
          "x": 236,
          "y": 235
        },
        {
          "x": 150,
          "y": 398
        }
      ]
    },
    {
      "source": "f68d4ecfb5",
      "sourcePort": "out1",
      "target": "79db7f41d9",
      "points": [
        {
          "x": 236,
          "y": 272
        },
        {
          "x": 800,
          "y": 168
        }
      ]
    }
  ]
}