{
  "version": "0.0.1",
  "catchAll": {},
  "startNode": "entry",
  "nodes": [
    {
      "id": "fe521742c4",
      "name": "entry",
      "onEnter": [],
      "onReceive": null,
      "next": [
        {
          "condition": "true",
          "node": "spec_conditions"
        }
      ]
    },
    {
      "id": "04c3b18657",
      "name": "spec_conditions",
      "next": [
        {
          "condition": "user.ubewo !== null && user.ubewo !==undefined",
          "node": "node-2e60-copy"
        },
        {
          "condition": "user.ubewo === undefined",
          "node": "node-ca91-copy"
        },
        {
          "condition": "true",
          "node": "speaktohuman.flow.json"
        }
      ],
      "onEnter": [],
      "onReceive": null,
      "type": "standard"
    },
    {
      "id": "a5dbce4f0e",
      "name": "node-ca91-copy",
      "next": [
        {
          "condition": "true",
          "node": "node-1f11"
        }
      ],
      "onEnter": [
        "say #!builtin_text-P_WpxQ"
      ],
      "onReceive": [
        "builtin/setVariable {\"type\":\"user\",\"name\":\"ubewo\",\"value\":\"{{event.payload.text}}\"}"
      ],
      "type": "standard"
    },
    {
      "id": "e41f9d3583",
      "name": "node-2e60-copy",
      "next": [
        {
          "condition": "true",
          "node": "choice-a3f9b0"
        }
      ],
      "onEnter": [
        "say #!builtin_text-Hqip5R"
      ],
      "onReceive": null,
      "type": "standard"
    },
    {
      "id": "7b0ff5613b",
      "type": "skill-call",
      "skill": "choice",
      "name": "choice-a3f9b0",
      "flow": "skills/choice-a3f9b0.flow.json",
      "next": [
        {
          "caption": "User picked [confirm...]",
          "condition": "temp['skill-choice-ret'] == \"confirmspecs\"",
          "node": "node-1f11"
        },
        {
          "caption": "User picked [reenter...]",
          "condition": "temp['skill-choice-ret'] == \"reenterspecs\"",
          "node": "node-ca91-copy"
        },
        {
          "condition": "true",
          "node": "notsure.flow.json"
        }
      ],
      "onEnter": null,
      "onReceive": null
    },
    {
      "id": "40ac21899e",
      "name": "node-1f11",
      "next": [
        {
          "condition": "true",
          "node": "speaktohuman.flow.json"
        }
      ],
      "onEnter": [
        "say #!builtin_text-Yf5Bsz"
      ],
      "onReceive": null,
      "type": "standard"
    }
  ]
}