{
  "nodes": [
    {
      "id": "fe521742c4",
      "position": {
        "x": 100,
        "y": 95
      }
    },
    {
      "id": "04c3b18657",
      "position": {
        "x": 30,
        "y": 200
      }
    },
    {
      "id": "a5dbce4f0e",
      "position": {
        "x": 700,
        "y": 175
      }
    },
    {
      "id": "e41f9d3583",
      "position": {
        "x": 50,
        "y": 405
      }
    },
    {
      "id": "7b0ff5613b",
      "position": {
        "x": 320,
        "y": 390
      }
    },
    {
      "id": "40ac21899e",
      "position": {
        "x": 745,
        "y": 420
      }
    }
  ],
  "links": [
    {
      "source": "04c3b18657",
      "sourcePort": "out1",
      "target": "a5dbce4f0e",
      "points": [
        {
          "x": 236,
          "y": 272
        },
        {
          "x": 800,
          "y": 168
        }
      ]
    },
    {
      "source": "04c3b18657",
      "sourcePort": "out0",
      "target": "e41f9d3583",
      "points": [
        {
          "x": 236,
          "y": 235
        },
        {
          "x": 150,
          "y": 398
        }
      ]
    },
    {
      "source": "7b0ff5613b",
      "sourcePort": "out0",
      "target": "40ac21899e",
      "points": [
        {
          "x": 526,
          "y": 440
        },
        {
          "x": 845,
          "y": 413
        }
      ]
    },
    {
      "source": "7b0ff5613b",
      "sourcePort": "out1",
      "target": "a5dbce4f0e",
      "points": [
        {
          "x": 526,
          "y": 462
        },
        {
          "x": 800,
          "y": 168
        }
      ]
    },
    {
      "source": "a5dbce4f0e",
      "sourcePort": "out0",
      "target": "40ac21899e",
      "points": [
        {
          "x": 906,
          "y": 283
        },
        {
          "x": 845,
          "y": 413
        }
      ]
    },
    {
      "source": "e41f9d3583",
      "sourcePort": "out0",
      "target": "7b0ff5613b",
      "points": [
        {
          "x": 256,
          "y": 491
        },
        {
          "x": 420,
          "y": 383
        }
      ]
    },
    {
      "source": "fe521742c4",
      "sourcePort": "out0",
      "target": "04c3b18657",
      "points": [
        {
          "x": 306,
          "y": 130
        },
        {
          "x": 130,
          "y": 193
        }
      ]
    }
  ]
}