{
  "version": "0.0.1",
  "catchAll": {},
  "startNode": "entry",
  "nodes": [
    {
      "id": "7ccb26bbe8",
      "name": "entry",
      "onEnter": [
        "say #!builtin_text-zmWDSc"
      ],
      "onReceive": null,
      "next": [
        {
          "condition": "true",
          "node": "choice-043c81"
        }
      ]
    },
    {
      "id": "6c649e049e",
      "type": "skill-call",
      "skill": "choice",
      "name": "choice-043c81",
      "flow": "skills/choice-043c81.flow.json",
      "next": [
        {
          "caption": "User picked [startag...]",
          "condition": "temp['skill-choice-ret'] == \"startagain\"",
          "node": "startagain.flow.json"
        },
        {
          "caption": "User picked [speakto...]",
          "condition": "temp['skill-choice-ret'] == \"speaktohuman\"",
          "node": "speaktohuman.flow.json"
        },
        {
          "caption": "On failure",
          "condition": "true",
          "node": "error.flow.json"
        }
      ],
      "onEnter": null,
      "onReceive": null
    }
  ]
}