{
  "nodes": [
    {
      "id": "entry",
      "position": {
        "x": 180,
        "y": 270
      }
    },
    {
      "id": "skill-6725dc",
      "position": {
        "x": 830,
        "y": 270
      }
    },
    {
      "id": "f7d40dde16",
      "position": {
        "x": 160,
        "y": -5
      }
    }
  ],
  "links": [
    {
      "source": "entry",
      "sourcePort": "out0",
      "target": "skill-6725dc",
      "points": [
        {
          "x": 386,
          "y": 348
        },
        {
          "x": 930,
          "y": 263
        }
      ]
    },
    {
      "source": "f7d40dde16",
      "sourcePort": "out1",
      "target": "entry",
      "points": [
        {
          "x": 366,
          "y": 67
        },
        {
          "x": 280,
          "y": 263
        }
      ]
    },
    {
      "source": "f7d40dde16",
      "sourcePort": "out0",
      "target": "skill-6725dc",
      "points": [
        {
          "x": 366,
          "y": 30
        },
        {
          "x": 930,
          "y": 263
        }
      ]
    }
  ]
}