{
  "version": "0.0.1",
  "catchAll": {
    "onReceive": [],
    "next": []
  },
  "startNode": "entry",
  "nodes": [
    {
      "id": "entry",
      "name": "intro",
      "next": [
        {
          "condition": "true",
          "node": "what_do_you_like"
        }
      ],
      "onEnter": [
        "say #!builtin_card-Tv4j-o",
        "say #!builtin_text-Y4T6AK"
      ],
      "onReceive": null
    },
    {
      "id": "skill-6725dc",
      "type": "skill-call",
      "skill": "choice",
      "name": "what_do_you_like",
      "flow": "skills/choice-6725dc.flow.json",
      "next": [
        {
          "condition": "temp['skill-choice-ret'] == \"products\"",
          "node": "products.flow.json"
        },
        {
          "condition": "temp['skill-choice-ret'] == \"services\"",
          "node": "services.flow.json"
        },
        {
          "condition": "temp['skill-choice-ret'] == \"careers\"",
          "node": "careers.flow.json"
        },
        {
          "condition": "true",
          "node": "startagain.flow.json"
        }
      ],
      "onEnter": null,
      "onReceive": null
    },
    {
      "id": "f7d40dde16",
      "name": "entry",
      "next": [
        {
          "condition": "user.nickname !== null &&  user.nickname !== undefined",
          "node": "what_do_you_like"
        },
        {
          "condition": "true",
          "node": "intro"
        }
      ],
      "onEnter": [],
      "onReceive": null,
      "type": "standard"
    }
  ]
}