{
  "version": "0.0.1",
  "catchAll": {},
  "startNode": "entry",
  "nodes": [
    {
      "id": "7f3b5e4e82",
      "name": "entry",
      "onEnter": [],
      "onReceive": null,
      "next": [
        {
          "condition": "true",
          "node": "choice-355d69"
        }
      ]
    },
    {
      "id": "skill-355d69",
      "type": "skill-call",
      "skill": "choice",
      "name": "choice-355d69",
      "flow": "skills/choice-355d69.flow.json",
      "next": [
        {
          "caption": "User picked [solidph...]",
          "condition": "temp['skill-choice-ret'] == \"solidphase\"",
          "node": "solidphase.flow.json"
        },
        {
          "caption": "User picked [upsetti...]",
          "condition": "temp['skill-choice-ret'] == \"upsetting\"",
          "node": "upsetting.flow.json"
        },
        {
          "caption": "User picked [spms]",
          "condition": "temp['skill-choice-ret'] == \"spms\"",
          "node": "spms.flow.json"
        },
        {
          "caption": "User picked [testrigs]",
          "condition": "temp['skill-choice-ret'] == \"testrigs\"",
          "node": "testrigs.flow.json"
        },
        {
          "caption": "User picked [notsure]",
          "condition": "temp['skill-choice-ret'] == \"notsure\"",
          "node": "notsure.flow.json"
        },
        {
          "caption": "On failure",
          "condition": "true",
          "node": "startagain.flow.json"
        }
      ],
      "onEnter": null,
      "onReceive": null
    }
  ]
}