{
  "version": "0.0.1",
  "catchAll": {},
  "startNode": "entry",
  "nodes": [
    {
      "id": "7f311e076b",
      "name": "entry",
      "onEnter": [],
      "onReceive": null,
      "next": [
        {
          "condition": "true",
          "node": "choice-406c3f"
        }
      ]
    },
    {
      "id": "skill-406c3f",
      "type": "skill-call",
      "skill": "choice",
      "name": "choice-406c3f",
      "flow": "skills/choice-406c3f.flow.json",
      "next": [
        {
          "caption": "User picked [amcs]",
          "condition": "temp['skill-choice-ret'] == \"amcs\"",
          "node": "amc"
        },
        {
          "caption": "User picked [service...]",
          "condition": "temp['skill-choice-ret'] == \"serviceandrepairs\"",
          "node": "product_service_repairs"
        },
        {
          "caption": "User picked [manufac...]",
          "condition": "temp['skill-choice-ret'] == \"manufacturingservices\"",
          "node": "manufacturing_services"
        },
        {
          "caption": "User picked [upgrade...]",
          "condition": "temp['skill-choice-ret'] == \"upgradesbuybacks\"",
          "node": "upgrades_buybacks"
        },
        {
          "caption": "On failure",
          "condition": "true",
          "node": "startagain.flow.json"
        }
      ],
      "onEnter": null,
      "onReceive": null
    },
    {
      "id": "92f174555e",
      "name": "amc",
      "next": [
        {
          "condition": "true",
          "node": "getAMCWorkorder.flow.json"
        }
      ],
      "onEnter": [
        "say #!builtin_card-m4h144"
      ],
      "onReceive": null,
      "type": "standard"
    },
    {
      "id": "a5ce9ccf0c",
      "name": "manufacturing_services",
      "next": [
        {
          "condition": "true",
          "node": "getManufacturingSpecs.flow.json"
        }
      ],
      "onEnter": [
        "say #!builtin_card-mQlDe3"
      ],
      "onReceive": null,
      "type": "standard"
    },
    {
      "id": "39ca4768c9",
      "name": "product_service_repairs",
      "next": [
        {
          "condition": "true",
          "node": "getServiceRepairWorkorderNum.flow.json"
        }
      ],
      "onEnter": [
        "say #!builtin_card-Uu78lh"
      ],
      "onReceive": null,
      "type": "standard"
    },
    {
      "id": "af22361c2c",
      "name": "upgrades_buybacks",
      "next": [
        {
          "condition": "true",
          "node": "getWorkorderForUpgradesBuybacks.flow.json"
        }
      ],
      "onEnter": [
        "say #!builtin_card-HNABPx"
      ],
      "onReceive": null,
      "type": "standard"
    }
  ]
}