{
  "nodes": [
    {
      "id": "7f311e076b",
      "position": {
        "x": 100,
        "y": 100
      }
    },
    {
      "id": "skill-406c3f",
      "position": {
        "x": 220,
        "y": 300
      }
    },
    {
      "id": "92f174555e",
      "position": {
        "x": 530,
        "y": 165
      }
    },
    {
      "id": "a5ce9ccf0c",
      "position": {
        "x": 690,
        "y": 430
      }
    },
    {
      "id": "39ca4768c9",
      "position": {
        "x": 535,
        "y": 290
      }
    },
    {
      "id": "af22361c2c",
      "position": {
        "x": 570,
        "y": 565
      }
    }
  ],
  "links": [
    {
      "source": "7f311e076b",
      "sourcePort": "out0",
      "target": "skill-406c3f",
      "points": [
        {
          "x": 306,
          "y": 135
        },
        {
          "x": 320,
          "y": 293
        }
      ]
    },
    {
      "source": "skill-406c3f",
      "sourcePort": "out1",
      "target": "39ca4768c9",
      "points": [
        {
          "x": 426,
          "y": 372
        },
        {
          "x": 635,
          "y": 283
        }
      ]
    },
    {
      "source": "skill-406c3f",
      "sourcePort": "out0",
      "target": "92f174555e",
      "points": [
        {
          "x": 426,
          "y": 350
        },
        {
          "x": 630,
          "y": 158
        }
      ]
    },
    {
      "source": "skill-406c3f",
      "sourcePort": "out2",
      "target": "a5ce9ccf0c",
      "points": [
        {
          "x": 426,
          "y": 394
        },
        {
          "x": 790,
          "y": 423
        }
      ]
    },
    {
      "source": "skill-406c3f",
      "sourcePort": "out3",
      "target": "af22361c2c",
      "points": [
        {
          "x": 426,
          "y": 416
        },
        {
          "x": 670,
          "y": 558
        }
      ]
    }
  ]
}