{
  "nodes": [
    {
      "id": "3133784cfc",
      "position": {
        "x": 100,
        "y": 100
      }
    },
    {
      "id": "skill-a4128d",
      "position": {
        "x": -20,
        "y": 285
      }
    },
    {
      "id": "9ae5c564b2",
      "position": {
        "x": 525,
        "y": 155
      }
    },
    {
      "id": "4646ceb0d0",
      "position": {
        "x": 550,
        "y": 315
      }
    },
    {
      "id": "a8e3ba4c74",
      "position": {
        "x": 575,
        "y": 430
      }
    },
    {
      "id": "5ca42dc436",
      "position": {
        "x": 575,
        "y": 565
      }
    },
    {
      "id": "8481a7fc8d",
      "position": {
        "x": 795,
        "y": 315
      }
    }
  ],
  "links": [
    {
      "source": "3133784cfc",
      "sourcePort": "out0",
      "target": "skill-a4128d",
      "points": [
        {
          "x": 306,
          "y": 135
        },
        {
          "x": 79,
          "y": 278
        }
      ]
    },
    {
      "source": "4646ceb0d0",
      "sourcePort": "out0",
      "target": "8481a7fc8d",
      "points": [
        {
          "x": 756,
          "y": 386
        },
        {
          "x": 894,
          "y": 308
        }
      ]
    },
    {
      "source": "5ca42dc436",
      "sourcePort": "out0",
      "target": "8481a7fc8d",
      "points": [
        {
          "x": 781,
          "y": 636
        },
        {
          "x": 894,
          "y": 308
        }
      ]
    },
    {
      "source": "9ae5c564b2",
      "sourcePort": "out0",
      "target": "8481a7fc8d",
      "points": [
        {
          "x": 731,
          "y": 226
        },
        {
          "x": 894,
          "y": 308
        }
      ]
    },
    {
      "source": "a8e3ba4c74",
      "sourcePort": "out0",
      "target": "8481a7fc8d",
      "points": [
        {
          "x": 781,
          "y": 501
        },
        {
          "x": 894,
          "y": 308
        }
      ]
    },
    {
      "source": "skill-a4128d",
      "sourcePort": "out1",
      "target": "4646ceb0d0",
      "points": [
        {
          "x": 186,
          "y": 357
        },
        {
          "x": 650,
          "y": 308
        }
      ]
    },
    {
      "source": "skill-a4128d",
      "sourcePort": "out3",
      "target": "5ca42dc436",
      "points": [
        {
          "x": 186,
          "y": 401
        },
        {
          "x": 675,
          "y": 558
        }
      ]
    },
    {
      "source": "skill-a4128d",
      "sourcePort": "out0",
      "target": "9ae5c564b2",
      "points": [
        {
          "x": 186,
          "y": 335
        },
        {
          "x": 625,
          "y": 148
        }
      ]
    },
    {
      "source": "skill-a4128d",
      "sourcePort": "out2",
      "target": "a8e3ba4c74",
      "points": [
        {
          "x": 186,
          "y": 379
        },
        {
          "x": 675,
          "y": 423
        }
      ]
    }
  ]
}