{
  "version": "0.0.1",
  "catchAll": {},
  "startNode": "entry",
  "nodes": [
    {
      "id": "3133784cfc",
      "name": "entry",
      "onEnter": [],
      "onReceive": null,
      "next": [
        {
          "condition": "true",
          "node": "choice-a4128d"
        }
      ]
    },
    {
      "id": "skill-a4128d",
      "type": "skill-call",
      "skill": "choice",
      "name": "choice-a4128d",
      "flow": "skills/choice-a4128d.flow.json",
      "next": [
        {
          "caption": "User picked [rotaryf...]",
          "condition": "temp['skill-choice-ret'] == \"rotaryfrictionwelding\"",
          "node": "rotary_friction_welding"
        },
        {
          "caption": "User picked [frictio...]",
          "condition": "temp['skill-choice-ret'] == \"frictionstirwelding\"",
          "node": "friction_stir_welding"
        },
        {
          "caption": "User picked [frictio...]",
          "condition": "temp['skill-choice-ret'] == \"frictionsurfacing\"",
          "node": "friction_surfacing"
        },
        {
          "caption": "User picked [linearf...]",
          "condition": "temp['skill-choice-ret'] == \"linearfrictionwelding\"",
          "node": "linear_friction_welding"
        },
        {
          "caption": "On failure",
          "condition": "true",
          "node": "startagain.flow.json"
        }
      ],
      "onEnter": null,
      "onReceive": null
    },
    {
      "id": "9ae5c564b2",
      "name": "rotary_friction_welding",
      "next": [
        {
          "condition": "true",
          "node": "goto_getspecs"
        }
      ],
      "onEnter": [
        "say #!builtin_card-gIl3rG"
      ],
      "onReceive": null,
      "type": "standard"
    },
    {
      "id": "4646ceb0d0",
      "name": "friction_stir_welding",
      "next": [
        {
          "condition": "true",
          "node": "goto_getspecs"
        }
      ],
      "onEnter": [
        "say #!builtin_card-8kfdQy"
      ],
      "onReceive": null,
      "type": "standard"
    },
    {
      "id": "a8e3ba4c74",
      "name": "friction_surfacing",
      "next": [
        {
          "condition": "true",
          "node": "goto_getspecs"
        }
      ],
      "onEnter": [
        "say #!builtin_card-tJSdqT"
      ],
      "onReceive": null,
      "type": "standard"
    },
    {
      "id": "5ca42dc436",
      "name": "linear_friction_welding",
      "next": [
        {
          "condition": "true",
          "node": "goto_getspecs"
        }
      ],
      "onEnter": [
        "say #!builtin_card-8zemch"
      ],
      "onReceive": null,
      "type": "standard"
    },
    {
      "id": "8481a7fc8d",
      "name": "goto_getspecs",
      "next": [
        {
          "condition": "true",
          "node": "getspecs.flow.json"
        }
      ],
      "onEnter": [],
      "onReceive": null,
      "type": "standard"
    }
  ]
}