{
  "version": "0.0.1",
  "catchAll": {},
  "startNode": "entry",
  "nodes": [
    {
      "id": "4b5de461c4",
      "name": "entry",
      "onEnter": [
        "say #!builtin_text-FDiKvW",
        "gettranscript {\"userID\":\"\",\"conversationID\":\"\"}"
      ],
      "onReceive": null,
      "next": [
        {
          "condition": "true",
          "node": "SendEmail-266455"
        }
      ]
    },
    {
      "id": "skill-266455",
      "type": "skill-call",
      "skill": "SendEmail",
      "name": "SendEmail-266455",
      "flow": "skills/SendEmail-266455.flow.json",
      "next": [
        {
          "caption": "On success",
          "condition": "true",
          "node": "startagain.flow.json"
        },
        {
          "caption": "On failure",
          "condition": "true",
          "node": "startagain.flow.json"
        }
      ],
      "onEnter": null,
      "onReceive": null
    }
  ]
}