{
  "nodes": [
    {
      "id": "cf30d88c5c",
      "position": {
        "x": -25,
        "y": 100
      }
    },
    {
      "id": "skill-b23be3",
      "position": {
        "x": 165,
        "y": 235
      }
    },
    {
      "id": "4c25032041",
      "position": {
        "x": 945,
        "y": 265
      }
    },
    {
      "id": "41e251e480",
      "position": {
        "x": 650,
        "y": 120
      }
    },
    {
      "id": "8e5b65e719",
      "position": {
        "x": 545,
        "y": 270
      }
    },
    {
      "id": "b4b3e21d58",
      "position": {
        "x": 540,
        "y": 475
      }
    }
  ],
  "links": [
    {
      "source": "41e251e480",
      "sourcePort": "out0",
      "target": "4c25032041",
      "points": [
        {
          "x": 856,
          "y": 191
        },
        {
          "x": 1045,
          "y": 258
        }
      ]
    },
    {
      "source": "8e5b65e719",
      "sourcePort": "out0",
      "target": "4c25032041",
      "points": [
        {
          "x": 751,
          "y": 341
        },
        {
          "x": 1045,
          "y": 258
        }
      ]
    },
    {
      "source": "b4b3e21d58",
      "sourcePort": "out0",
      "target": "4c25032041",
      "points": [
        {
          "x": 746,
          "y": 561
        },
        {
          "x": 1045,
          "y": 258
        }
      ]
    },
    {
      "source": "cf30d88c5c",
      "sourcePort": "out0",
      "target": "skill-b23be3",
      "points": [
        {
          "x": 181,
          "y": 135
        },
        {
          "x": 265,
          "y": 228
        }
      ]
    },
    {
      "source": "skill-b23be3",
      "sourcePort": "out0",
      "target": "41e251e480",
      "points": [
        {
          "x": 371,
          "y": 285
        },
        {
          "x": 750,
          "y": 113
        }
      ]
    },
    {
      "source": "skill-b23be3",
      "sourcePort": "out1",
      "target": "8e5b65e719",
      "points": [
        {
          "x": 371,
          "y": 307
        },
        {
          "x": 645,
          "y": 263
        }
      ]
    },
    {
      "source": "skill-b23be3",
      "sourcePort": "out2",
      "target": "b4b3e21d58",
      "points": [
        {
          "x": 371,
          "y": 329
        },
        {
          "x": 640,
          "y": 468
        }
      ]
    }
  ]
}