{
  "version": "0.0.1",
  "catchAll": {},
  "startNode": "entry",
  "nodes": [
    {
      "id": "cf30d88c5c",
      "name": "entry",
      "onEnter": [],
      "onReceive": null,
      "next": [
        {
          "condition": "true",
          "node": "choice-b23be3"
        }
      ]
    },
    {
      "id": "skill-b23be3",
      "type": "skill-call",
      "skill": "choice",
      "name": "choice-b23be3",
      "flow": "skills/choice-b23be3.flow.json",
      "next": [
        {
          "caption": "User picked [electri...]",
          "condition": "temp['skill-choice-ret'] == \"electricalupsetting\"",
          "node": "electrical_upsetting"
        },
        {
          "caption": "User picked [drivepr...]",
          "condition": "temp['skill-choice-ret'] == \"drivepress\"",
          "node": "servo_controlled"
        },
        {
          "caption": "User picked [hsprodu...]",
          "condition": "temp['skill-choice-ret'] == \"hsproductioncell\"",
          "node": "engine_valve_forging"
        },
        {
          "caption": "On failure",
          "condition": "true",
          "node": "startagain.flow.json"
        }
      ],
      "onEnter": null,
      "onReceive": null
    },
    {
      "id": "4c25032041",
      "name": "node-0732-copy-2",
      "next": [
        {
          "condition": "true",
          "node": "getspecs.flow.json"
        }
      ],
      "onEnter": [],
      "onReceive": null,
      "type": "standard"
    },
    {
      "id": "41e251e480",
      "name": "electrical_upsetting",
      "next": [
        {
          "condition": "true",
          "node": "node-0732-copy-2"
        }
      ],
      "onEnter": [
        "say #!builtin_card-cON810"
      ],
      "onReceive": null,
      "type": "standard"
    },
    {
      "id": "8e5b65e719",
      "name": "servo_controlled",
      "next": [
        {
          "condition": "true",
          "node": "node-0732-copy-2"
        }
      ],
      "onEnter": [
        "say #!builtin_card-KT41Mw"
      ],
      "onReceive": null,
      "type": "standard"
    },
    {
      "id": "b4b3e21d58",
      "name": "engine_valve_forging",
      "next": [
        {
          "condition": "true",
          "node": "node-0732-copy-2"
        }
      ],
      "onEnter": [
        "say #!builtin_card-XwLTV1"
      ],
      "onReceive": null,
      "type": "standard"
    }
  ]
}