{
  "version": "0.0.1",
  "catchAll": {
    "next": []
  },
  "startNode": "entry",
  "skillData": {
    "randomId": "actijvqpkz",
    "contentId": "builtin_single-choice-aIDkuZ",
    "invalidContentId": "",
    "keywords": {
      "dontsharephonenumber": [
        "dontsharephonenumber",
        "I don't want to share my number"
      ],
      "sharephonenumber": [
        "sharephonenumber",
        "I want to share my number"
      ]
    },
    "config": {
      "nbMaxRetries": 3,
      "repeatChoicesOnInvalid": false
    }
  },
  "nodes": [
    {
      "name": "entry",
      "onEnter": [
        "say #!builtin_single-choice-aIDkuZ {\"skill\":\"choice\"}"
      ],
      "next": [
        {
          "condition": "true",
          "node": "parse"
        }
      ],
      "id": "381979"
    },
    {
      "name": "parse",
      "onReceive": [
        "basic-skills/choice_parse_answer {\"randomId\":\"actijvqpkz\",\"contentId\":\"builtin_single-choice-aIDkuZ\",\"invalidContentId\":\"\",\"keywords\":{\"dontsharephonenumber\":[\"dontsharephonenumber\",\"I don't want to share my number\"],\"sharephonenumber\":[\"sharephonenumber\",\"I want to share my number\"]},\"config\":{\"nbMaxRetries\":3,\"repeatChoicesOnInvalid\":false}}"
      ],
      "next": [
        {
          "condition": "temp['skill-choice-valid-actijvqpkz'] === true",
          "node": "#"
        },
        {
          "condition": "true",
          "node": "invalid"
        }
      ],
      "triggers": [
        {
          "conditions": [
            {
              "id": "always"
            }
          ]
        }
      ],
      "onEnter": [],
      "id": "390938"
    },
    {
      "name": "invalid",
      "onEnter": [
        "basic-skills/choice_invalid_answer {\"randomId\":\"actijvqpkz\"}"
      ],
      "next": [
        {
          "condition": "Number(temp['skill-choice-invalid-count-actijvqpkz']) > Number(3)",
          "node": "#"
        },
        {
          "condition": "true",
          "node": "sorry"
        }
      ],
      "id": "417103"
    },
    {
      "name": "sorry",
      "onEnter": [],
      "next": [
        {
          "condition": "true",
          "node": "parse"
        }
      ],
      "id": "320918"
    }
  ]
}