{
  "version": "0.0.1",
  "catchAll": {
    "next": []
  },
  "startNode": "entry",
  "skillData": {
    "contentId": "builtin_single-choice-IwG4Rd",
    "invalidContentId": "",
    "keywords": {
      "startagain": [
        "startagain",
        "Start agan"
      ],
      "speaktohuman": [
        "speaktohuman",
        "Talk to someone"
      ]
    },
    "config": {
      "nbMaxRetries": 3
    }
  },
  "nodes": [
    {
      "name": "entry",
      "onEnter": [
        "say #!builtin_single-choice-IwG4Rd {\"skill\":\"choice\"}"
      ],
      "next": [
        {
          "condition": "true",
          "node": "parse"
        }
      ],
      "id": "371774"
    },
    {
      "name": "parse",
      "onReceive": [
        "basic-skills/choice_parse_answer {\"contentId\":\"builtin_single-choice-IwG4Rd\",\"invalidContentId\":\"\",\"keywords\":{\"startagain\":[\"startagain\",\"Start agan\"],\"speaktohuman\":[\"speaktohuman\",\"Talk to someone\"]},\"config\":{\"nbMaxRetries\":3}}"
      ],
      "next": [
        {
          "condition": "temp['skill-choice-valid'] === true",
          "node": "#"
        },
        {
          "condition": "true",
          "node": "invalid"
        }
      ],
      "onEnter": [],
      "id": "336515"
    },
    {
      "name": "invalid",
      "onEnter": [
        "basic-skills/choice_invalid_answer"
      ],
      "next": [
        {
          "condition": "Number(temp['skill-choice-invalid-count']) >= Number(3)",
          "node": "#"
        },
        {
          "condition": "true",
          "node": "sorry"
        }
      ],
      "id": "112720"
    },
    {
      "name": "sorry",
      "onEnter": [],
      "next": [
        {
          "condition": "true",
          "node": "parse"
        }
      ],
      "id": "074108"
    }
  ]
}