{
  "version": "0.0.1",
  "catchAll": {
    "next": []
  },
  "startNode": "entry",
  "skillData": {
    "contentId": "builtin_single-choice-kDEB-9",
    "invalidContentId": "",
    "keywords": {
      "solidphase": [
        "solidphase",
        "Solid Phase Welding",
        "Friction Welding",
        "friction"
      ],
      "upsetting": [
        "upsetting",
        "Upsetting and forging",
        "forging",
        "upset",
        "upsetter"
      ],
      "spms": [
        "spms",
        "Special Purpose Machines",
        "special purpose",
        "special",
        "spm"
      ],
      "testrigs": [
        "testrigs",
        "Test Rigs",
        "test rig",
        "test"
      ],
      "notsure": [
        "notsure",
        "I am not sure",
        "not sure"
      ]
    },
    "config": {
      "nbMaxRetries": 3
    }
  },
  "nodes": [
    {
      "name": "entry",
      "onEnter": [
        "say #!builtin_single-choice-kDEB-9 {\"skill\":\"choice\"}"
      ],
      "next": [
        {
          "condition": "true",
          "node": "parse"
        }
      ],
      "id": "334168"
    },
    {
      "name": "parse",
      "onReceive": [
        "basic-skills/choice_parse_answer {\"contentId\":\"builtin_single-choice-kDEB-9\",\"invalidContentId\":\"\",\"keywords\":{\"solidphase\":[\"solidphase\",\"Solid Phase Welding\",\"Friction Welding\",\"friction\"],\"upsetting\":[\"upsetting\",\"Upsetting and forging\",\"forging\",\"upset\",\"upsetter\"],\"spms\":[\"spms\",\"Special Purpose Machines\",\"special purpose\",\"special\",\"spm\"],\"testrigs\":[\"testrigs\",\"Test Rigs\",\"test rig\",\"test\"],\"notsure\":[\"notsure\",\"I am not sure\",\"not sure\"]},\"config\":{\"nbMaxRetries\":3}}"
      ],
      "next": [
        {
          "condition": "temp['skill-choice-valid'] === true",
          "node": "#"
        },
        {
          "condition": "true",
          "node": "invalid"
        }
      ],
      "onEnter": [],
      "id": "984580"
    },
    {
      "name": "invalid",
      "onEnter": [
        "basic-skills/choice_invalid_answer"
      ],
      "next": [
        {
          "condition": "Number(temp['skill-choice-invalid-count']) >= Number(3)",
          "node": "#"
        },
        {
          "condition": "true",
          "node": "sorry"
        }
      ],
      "id": "095728"
    },
    {
      "name": "sorry",
      "onEnter": [],
      "next": [
        {
          "condition": "true",
          "node": "parse"
        }
      ],
      "id": "075705"
    }
  ]
}