{
  "version": "0.0.1",
  "catchAll": {
    "next": []
  },
  "startNode": "entry",
  "skillData": {
    "contentId": "builtin_single-choice-sr1WJA",
    "invalidContentId": "",
    "keywords": {
      "rotaryfrictionwelding": [
        "rotaryfrictionwelding",
        "Rotary Friction Welding",
        "rotary",
        "rfw",
        "rotary friction"
      ],
      "frictionstirwelding": [
        "frictionstirwelding",
        "Friction Stir Welding",
        "stir",
        "stir friction",
        "stir welding"
      ],
      "frictionsurfacing": [
        "frictionsurfacing",
        "Friction Surfacing",
        "surfacing",
        "surface"
      ],
      "linearfrictionwelding": [
        "linearfrictionwelding",
        "Linear Friction Welding",
        "linear",
        "linear weldig",
        "linear welding",
        "lfw"
      ]
    },
    "config": {
      "nbMaxRetries": 3
    }
  },
  "nodes": [
    {
      "name": "entry",
      "onEnter": [
        "say #!builtin_single-choice-sr1WJA {\"skill\":\"choice\"}"
      ],
      "next": [
        {
          "condition": "true",
          "node": "parse"
        }
      ],
      "id": "812408"
    },
    {
      "name": "parse",
      "onReceive": [
        "basic-skills/choice_parse_answer {\"contentId\":\"builtin_single-choice-sr1WJA\",\"invalidContentId\":\"\",\"keywords\":{\"rotaryfrictionwelding\":[\"rotaryfrictionwelding\",\"Rotary Friction Welding\",\"rotary\",\"rfw\",\"rotary friction\"],\"frictionstirwelding\":[\"frictionstirwelding\",\"Friction Stir Welding\",\"stir\",\"stir friction\",\"stir welding\"],\"frictionsurfacing\":[\"frictionsurfacing\",\"Friction Surfacing\",\"surfacing\",\"surface\"],\"linearfrictionwelding\":[\"linearfrictionwelding\",\"Linear Friction Welding\",\"linear\",\"linear weldig\",\"linear welding\",\"lfw\"]},\"config\":{\"nbMaxRetries\":3}}"
      ],
      "next": [
        {
          "condition": "temp['skill-choice-valid'] === true",
          "node": "#"
        },
        {
          "condition": "true",
          "node": "invalid"
        }
      ],
      "onEnter": [],
      "id": "427530"
    },
    {
      "name": "invalid",
      "onEnter": [
        "basic-skills/choice_invalid_answer"
      ],
      "next": [
        {
          "condition": "Number(temp['skill-choice-invalid-count']) >= Number(3)",
          "node": "#"
        },
        {
          "condition": "true",
          "node": "sorry"
        }
      ],
      "id": "115847"
    },
    {
      "name": "sorry",
      "onEnter": [],
      "next": [
        {
          "condition": "true",
          "node": "parse"
        }
      ],
      "id": "797586"
    }
  ]
}