{
  "version": "0.0.1",
  "catchAll": {
    "next": []
  },
  "startNode": "entry",
  "skillData": {
    "contentId": "builtin_single-choice-OUt2pS",
    "invalidContentId": "",
    "keywords": {
      "electricalupsetting": [
        "electricalupsetting",
        "Electrical Upsetting Machines",
        "electrical upsetting"
      ],
      "drivepress": [
        "drivepress",
        "Servo Controlled Positive - Drive Screw Press",
        "drive screw press"
      ],
      "hsproductioncell": [
        "hsproductioncell",
        "High Speed Production Cell"
      ]
    },
    "config": {
      "nbMaxRetries": 3
    }
  },
  "nodes": [
    {
      "name": "entry",
      "onEnter": [
        "say #!builtin_single-choice-OUt2pS {\"skill\":\"choice\"}"
      ],
      "next": [
        {
          "condition": "true",
          "node": "parse"
        }
      ],
      "id": "442472"
    },
    {
      "name": "parse",
      "onReceive": [
        "basic-skills/choice_parse_answer {\"contentId\":\"builtin_single-choice-OUt2pS\",\"invalidContentId\":\"\",\"keywords\":{\"electricalupsetting\":[\"electricalupsetting\",\"Electrical Upsetting Machines\",\"electrical upsetting\"],\"drivepress\":[\"drivepress\",\"Servo Controlled Positive - Drive Screw Press\",\"drive screw press\"],\"hsproductioncell\":[\"hsproductioncell\",\"High Speed Production Cell\"]},\"config\":{\"nbMaxRetries\":3}}"
      ],
      "next": [
        {
          "condition": "temp['skill-choice-valid'] === true",
          "node": "#"
        },
        {
          "condition": "true",
          "node": "invalid"
        }
      ],
      "onEnter": [],
      "id": "227675"
    },
    {
      "name": "invalid",
      "onEnter": [
        "basic-skills/choice_invalid_answer"
      ],
      "next": [
        {
          "condition": "Number(temp['skill-choice-invalid-count']) >= Number(3)",
          "node": "#"
        },
        {
          "condition": "true",
          "node": "sorry"
        }
      ],
      "id": "754953"
    },
    {
      "name": "sorry",
      "onEnter": [],
      "next": [
        {
          "condition": "true",
          "node": "parse"
        }
      ],
      "id": "996132"
    }
  ]
}