{
  "version": "0.0.1",
  "catchAll": {
    "next": []
  },
  "startNode": "entry",
  "skillData": {
    "randomId": "kvowuvsbmm",
    "contentId": "builtin_single-choice-gKZ4_m",
    "invalidContentId": "",
    "keywords": {
      "correctpersonalinfo": [
        "correctpersonalinfo",
        "Yes, this information is correct"
      ],
      "updatepersonalinfo": [
        "updatepersonalinfo",
        "No, I would like to update my info"
      ]
    },
    "config": {
      "nbMaxRetries": 3,
      "repeatChoicesOnInvalid": false
    }
  },
  "nodes": [
    {
      "name": "entry",
      "onEnter": [
        "say #!builtin_single-choice-gKZ4_m {\"skill\":\"choice\"}"
      ],
      "next": [
        {
          "condition": "true",
          "node": "parse"
        }
      ],
      "id": "256151"
    },
    {
      "name": "parse",
      "onReceive": [
        "basic-skills/choice_parse_answer {\"randomId\":\"kvowuvsbmm\",\"contentId\":\"builtin_single-choice-gKZ4_m\",\"invalidContentId\":\"\",\"keywords\":{\"correctpersonalinfo\":[\"correctpersonalinfo\",\"Yes, this information is correct\"],\"updatepersonalinfo\":[\"updatepersonalinfo\",\"No, I would like to update my info\"]},\"config\":{\"nbMaxRetries\":3,\"repeatChoicesOnInvalid\":false}}"
      ],
      "next": [
        {
          "condition": "temp['skill-choice-valid-kvowuvsbmm'] === true",
          "node": "#"
        },
        {
          "condition": "true",
          "node": "invalid"
        }
      ],
      "onEnter": [],
      "id": "225592"
    },
    {
      "name": "invalid",
      "onEnter": [
        "basic-skills/choice_invalid_answer {\"randomId\":\"kvowuvsbmm\"}"
      ],
      "next": [
        {
          "condition": "Number(temp['skill-choice-invalid-count-kvowuvsbmm']) > Number(3)",
          "node": "#"
        },
        {
          "condition": "true",
          "node": "sorry"
        }
      ],
      "id": "291043"
    },
    {
      "name": "sorry",
      "onEnter": [],
      "next": [
        {
          "condition": "true",
          "node": "parse"
        }
      ],
      "id": "366329"
    }
  ]
}