{
  "version": "0.0.1",
  "catchAll": {
    "next": []
  },
  "startNode": "entry",
  "skillData": {
    "contentId": "builtin_single-choice-P4xRCe",
    "invalidContentId": "",
    "keywords": {
      "amcs": [
        "amcs",
        "Annual Maintenance Contracts",
        "annual maintenance",
        "maintenance"
      ],
      "serviceandrepairs": [
        "serviceandrepairs",
        "Product Service and Repairs",
        "product service",
        "repairs"
      ],
      "manufacturingservices": [
        "manufacturingservices",
        "Manufacturing Services",
        "manufacturing"
      ],
      "upgradesbuybacks": [
        "upgradesbuybacks",
        "Upgrades, Buybacks & Extensions",
        "upgrades",
        "buybacks",
        "extensions"
      ]
    },
    "config": {
      "nbMaxRetries": 3
    }
  },
  "nodes": [
    {
      "name": "entry",
      "onEnter": [
        "say #!builtin_single-choice-P4xRCe {\"skill\":\"choice\"}"
      ],
      "next": [
        {
          "condition": "true",
          "node": "parse"
        }
      ],
      "id": "922171"
    },
    {
      "name": "parse",
      "onReceive": [
        "basic-skills/choice_parse_answer {\"contentId\":\"builtin_single-choice-P4xRCe\",\"invalidContentId\":\"\",\"keywords\":{\"amcs\":[\"amcs\",\"Annual Maintenance Contracts\",\"annual maintenance\",\"maintenance\"],\"serviceandrepairs\":[\"serviceandrepairs\",\"Product Service and Repairs\",\"product service\",\"repairs\"],\"manufacturingservices\":[\"manufacturingservices\",\"Manufacturing Services\",\"manufacturing\"],\"upgradesbuybacks\":[\"upgradesbuybacks\",\"Upgrades, Buybacks & Extensions\",\"upgrades\",\"buybacks\",\"extensions\"]},\"config\":{\"nbMaxRetries\":3}}"
      ],
      "next": [
        {
          "condition": "temp['skill-choice-valid'] === true",
          "node": "#"
        },
        {
          "condition": "true",
          "node": "invalid"
        }
      ],
      "onEnter": [],
      "id": "868701"
    },
    {
      "name": "invalid",
      "onEnter": [
        "basic-skills/choice_invalid_answer"
      ],
      "next": [
        {
          "condition": "Number(temp['skill-choice-invalid-count']) >= Number(3)",
          "node": "#"
        },
        {
          "condition": "true",
          "node": "sorry"
        }
      ],
      "id": "134058"
    },
    {
      "name": "sorry",
      "onEnter": [],
      "next": [
        {
          "condition": "true",
          "node": "parse"
        }
      ],
      "id": "788049"
    }
  ]
}