{
  "version": "0.0.1",
  "catchAll": {
    "next": []
  },
  "startNode": "entry",
  "skillData": {
    "contentId": "builtin_single-choice-q6S1nh",
    "invalidContentId": "builtin_text-kACohh",
    "keywords": {
      "products": [
        "products",
        "Products"
      ],
      "services": [
        "services",
        "Services"
      ],
      "careers": [
        "careers",
        "Careers"
      ],
      "somethingelse": [
        "somethingelse",
        "Something else"
      ]
    },
    "config": {
      "nbMaxRetries": 2,
      "repeatChoicesOnInvalid": true
    }
  },
  "nodes": [
    {
      "name": "entry",
      "onEnter": [
        "say #!builtin_single-choice-q6S1nh {\"skill\":\"choice\"}"
      ],
      "next": [
        {
          "condition": "true",
          "node": "parse"
        }
      ],
      "id": "052277"
    },
    {
      "name": "parse",
      "onReceive": [
        "basic-skills/choice_parse_answer {\"contentId\":\"builtin_single-choice-q6S1nh\",\"invalidContentId\":\"builtin_text-kACohh\",\"keywords\":{\"products\":[\"products\",\"Products\"],\"services\":[\"services\",\"Services\"],\"careers\":[\"careers\",\"Careers\"],\"somethingelse\":[\"somethingelse\",\"Something else\"]},\"config\":{\"nbMaxRetries\":2,\"repeatChoicesOnInvalid\":true}}"
      ],
      "next": [
        {
          "condition": "temp['skill-choice-valid'] === true",
          "node": "#"
        },
        {
          "condition": "true",
          "node": "invalid"
        }
      ],
      "onEnter": [],
      "id": "718318"
    },
    {
      "name": "invalid",
      "onEnter": [
        "basic-skills/choice_invalid_answer"
      ],
      "next": [
        {
          "condition": "Number(temp['skill-choice-invalid-count']) >= Number(2)",
          "node": "#"
        },
        {
          "condition": "true",
          "node": "sorry"
        }
      ],
      "id": "837117"
    },
    {
      "name": "sorry",
      "onEnter": [
        "say #!builtin_text-kACohh {}",
        "say #!builtin_single-choice-q6S1nh {\"skill\":\"choice\"}"
      ],
      "next": [
        {
          "condition": "true",
          "node": "parse"
        }
      ],
      "id": "111186"
    }
  ]
}