{
  "version": "0.0.1",
  "catchAll": {
    "next": []
  },
  "startNode": "entry",
  "skillData": {
    "contentId": "builtin_single-choice-DzYjd8",
    "invalidContentId": "",
    "keywords": {
      "comprehensive": [
        "comprehensive",
        "Comprehensive"
      ],
      "limited": [
        "limited",
        "Limited"
      ]
    },
    "config": {
      "nbMaxRetries": 2
    }
  },
  "nodes": [
    {
      "name": "entry",
      "onEnter": [
        "say #!builtin_single-choice-DzYjd8 {\"skill\":\"choice\"}"
      ],
      "next": [
        {
          "condition": "true",
          "node": "parse"
        }
      ],
      "id": "659063"
    },
    {
      "name": "parse",
      "onReceive": [
        "basic-skills/choice_parse_answer {\"contentId\":\"builtin_single-choice-DzYjd8\",\"invalidContentId\":\"\",\"keywords\":{\"comprehensive\":[\"comprehensive\",\"Comprehensive\"],\"limited\":[\"limited\",\"Limited\"]},\"config\":{\"nbMaxRetries\":2}}"
      ],
      "next": [
        {
          "condition": "temp['skill-choice-valid'] === true",
          "node": "#"
        },
        {
          "condition": "true",
          "node": "invalid"
        }
      ],
      "onEnter": [],
      "id": "571263"
    },
    {
      "name": "invalid",
      "onEnter": [
        "basic-skills/choice_invalid_answer"
      ],
      "next": [
        {
          "condition": "Number(temp['skill-choice-invalid-count']) >= Number(2)",
          "node": "#"
        },
        {
          "condition": "true",
          "node": "sorry"
        }
      ],
      "id": "637622"
    },
    {
      "name": "sorry",
      "onEnter": [],
      "next": [
        {
          "condition": "true",
          "node": "parse"
        }
      ],
      "id": "727702"
    }
  ]
}