{
  "version": "0.0.1",
  "catchAll": {
    "next": []
  },
  "startNode": "entry",
  "skillData": {
    "contentId": "builtin_single-choice-0rCRoW",
    "invalidContentId": "",
    "keywords": {
      "continuetowait": [
        "continuetowait",
        "Keep waiting"
      ],
      "startagain": [
        "startagain",
        "Browse other products"
      ]
    },
    "config": {
      "nbMaxRetries": 3
    }
  },
  "nodes": [
    {
      "name": "entry",
      "onEnter": [
        "say #!builtin_single-choice-0rCRoW {\"skill\":\"choice\"}"
      ],
      "next": [
        {
          "condition": "true",
          "node": "parse"
        }
      ],
      "id": "310686"
    },
    {
      "name": "parse",
      "onReceive": [
        "basic-skills/choice_parse_answer {\"contentId\":\"builtin_single-choice-0rCRoW\",\"invalidContentId\":\"\",\"keywords\":{\"continuetowait\":[\"continuetowait\",\"Keep waiting\"],\"startagain\":[\"startagain\",\"Browse other products\"]},\"config\":{\"nbMaxRetries\":3}}"
      ],
      "next": [
        {
          "condition": "temp['skill-choice-valid'] === true",
          "node": "#"
        },
        {
          "condition": "true",
          "node": "invalid"
        }
      ],
      "onEnter": [],
      "id": "469352"
    },
    {
      "name": "invalid",
      "onEnter": [
        "basic-skills/choice_invalid_answer"
      ],
      "next": [
        {
          "condition": "Number(temp['skill-choice-invalid-count']) >= Number(3)",
          "node": "#"
        },
        {
          "condition": "true",
          "node": "sorry"
        }
      ],
      "id": "897043"
    },
    {
      "name": "sorry",
      "onEnter": [],
      "next": [
        {
          "condition": "true",
          "node": "parse"
        }
      ],
      "id": "861053"
    }
  ]
}