{
  "version": "0.0.1",
  "catchAll": {
    "next": []
  },
  "startNode": "entry",
  "skillData": {
    "contentId": "builtin_single-choice-squ9e0",
    "invalidContentId": "",
    "keywords": {
      "confirmspecs": [
        "confirmspecs",
        "Confirm specs",
        "confirm",
        "comform",
        "yes"
      ],
      "reenterspecs": [
        "reenterspecs",
        "Re-enter specs",
        "re-enter",
        "reenter",
        "np",
        "no"
      ]
    },
    "config": {
      "nbMaxRetries": 3
    }
  },
  "nodes": [
    {
      "name": "entry",
      "onEnter": [
        "say #!builtin_single-choice-squ9e0 {\"skill\":\"choice\"}"
      ],
      "next": [
        {
          "condition": "true",
          "node": "parse"
        }
      ],
      "id": "839968"
    },
    {
      "name": "parse",
      "onReceive": [
        "basic-skills/choice_parse_answer {\"contentId\":\"builtin_single-choice-squ9e0\",\"invalidContentId\":\"\",\"keywords\":{\"confirmspecs\":[\"confirmspecs\",\"Confirm specs\",\"confirm\",\"comform\",\"yes\"],\"reenterspecs\":[\"reenterspecs\",\"Re-enter specs\",\"re-enter\",\"reenter\",\"np\",\"no\"]},\"config\":{\"nbMaxRetries\":3}}"
      ],
      "next": [
        {
          "condition": "temp['skill-choice-valid'] === true",
          "node": "#"
        },
        {
          "condition": "true",
          "node": "invalid"
        }
      ],
      "onEnter": [],
      "id": "308899"
    },
    {
      "name": "invalid",
      "onEnter": [
        "basic-skills/choice_invalid_answer"
      ],
      "next": [
        {
          "condition": "Number(temp['skill-choice-invalid-count']) >= Number(3)",
          "node": "#"
        },
        {
          "condition": "true",
          "node": "sorry"
        }
      ],
      "id": "509653"
    },
    {
      "name": "sorry",
      "onEnter": [],
      "next": [
        {
          "condition": "true",
          "node": "parse"
        }
      ],
      "id": "927356"
    }
  ]
}