{
  "version": "0.0.1",
  "catchAll": {
    "next": []
  },
  "startNode": "entry",
  "skillData": {
    "randomId": "k6y0hicz5q",
    "contentId": "builtin_single-choice-aIDkuZ",
    "invalidContentId": "",
    "keywords": {
      "sharephonenumber": [
        "sharephonenumber"
      ],
      "dontsharephonenumber": [
        "dontsharephonenumber"
      ]
    },
    "config": {
      "nbMaxRetries": 3
    }
  },
  "nodes": [
    {
      "name": "entry",
      "onEnter": [
        "say #!builtin_single-choice-aIDkuZ {\"skill\":\"choice\"}"
      ],
      "next": [
        {
          "condition": "true",
          "node": "parse"
        }
      ],
      "id": "395930"
    },
    {
      "name": "parse",
      "onReceive": [
        "basic-skills/choice_parse_answer {\"randomId\":\"k6y0hicz5q\",\"contentId\":\"builtin_single-choice-aIDkuZ\",\"invalidContentId\":\"\",\"keywords\":{\"sharephonenumber\":[\"sharephonenumber\"],\"dontsharephonenumber\":[\"dontsharephonenumber\"]},\"config\":{\"nbMaxRetries\":3}}"
      ],
      "next": [
        {
          "condition": "temp['skill-choice-valid-k6y0hicz5q'] === true",
          "node": "#"
        },
        {
          "condition": "true",
          "node": "invalid"
        }
      ],
      "triggers": [
        {
          "conditions": [
            {
              "id": "always"
            }
          ]
        }
      ],
      "onEnter": [],
      "id": "627952"
    },
    {
      "name": "invalid",
      "onEnter": [
        "basic-skills/choice_invalid_answer {\"randomId\":\"k6y0hicz5q\"}"
      ],
      "next": [
        {
          "condition": "Number(temp['skill-choice-invalid-count-k6y0hicz5q']) > Number(3)",
          "node": "#"
        },
        {
          "condition": "true",
          "node": "sorry"
        }
      ],
      "id": "741858"
    },
    {
      "name": "sorry",
      "onEnter": [],
      "next": [
        {
          "condition": "true",
          "node": "parse"
        }
      ],
      "id": "992694"
    }
  ]
}