{
  "version": "0.0.1",
  "catchAll": {
    "next": []
  },
  "startNode": "entry",
  "skillData": {
    "fromAddress": "in.etatechnology@gmail.com",
    "toAddress": "aparajitha.m7@gmail.com",
    "subjectElement": "builtin_text-XzfU1l",
    "contentElement": "builtin_text-Ev5-u2"
  },
  "nodes": [
    {
      "name": "entry",
      "onEnter": [
        "basic-skills/send_email {\"fromAddress\":\"in.etatechnology@gmail.com\",\"toAddress\":\"aparajitha.m7@gmail.com\",\"subjectElement\":\"builtin_text-XzfU1l\",\"contentElement\":\"builtin_text-Ev5-u2\"}"
      ],
      "next": [
        {
          "condition": "true",
          "node": "#"
        }
      ],
      "id": "265779"
    }
  ]
}