{
  "version": "0.0.1",
  "catchAll": {
    "next": []
  },
  "startNode": "check-if-extracted",
  "skillData": {
    "retryAttempts": 3,
    "contentElement": "builtin_text-UMChev",
    "notFoundElement": "builtin_text-L61PJh",
    "turnExpiry": -1,
    "validationAction": "validateemail",
    "intent": "email",
    "slotName": "email",
    "entities": [
      "email"
    ]
  },
  "nodes": [
    {
      "name": "slot-extract",
      "onEnter": [
        "say #!builtin_text-UMChev {}"
      ],
      "onReceive": [
        "basic-skills/slot_fill {\"slotName\":\"email\",\"entities\":\"email\", \"turnExpiry\":-1}",
        "validateemail {}"
      ],
      "next": [
        {
          "condition": "session.slots['email'] && (temp.valid === undefined || temp.valid == \"true\")",
          "node": "extracted"
        },
        {
          "condition": "true",
          "node": "not-extracted"
        }
      ],
      "id": "639725"
    },
    {
      "name": "extracted",
      "onEnter": [
        "builtin/setVariable {\"type\":\"temp\",\"name\":\"extracted\",\"value\":\"true\"}"
      ],
      "next": [
        {
          "condition": "true",
          "node": "#"
        }
      ],
      "id": "954839"
    },
    {
      "name": "not-extracted",
      "onEnter": [
        "basic-skills/slot_not_found {\"retryAttempts\":\"3\"}",
        "say #!builtin_text-L61PJh {}"
      ],
      "onReceive": [
        "basic-skills/slot_fill {\"slotName\":\"email\",\"entities\":\"email\", \"turnExpiry\":-1}",
        "validateemail {}"
      ],
      "next": [
        {
          "condition": "session.slots['email'] && (temp.valid === undefined || temp.valid == \"true\")",
          "node": "extracted"
        },
        {
          "condition": "temp.notExtracted == \"true\"",
          "node": "#"
        },
        {
          "condition": "session.slots.notFound > 0",
          "node": "not-extracted"
        },
        {
          "condition": "true",
          "node": "#"
        }
      ],
      "id": "338116"
    },
    {
      "name": "check-if-extracted",
      "onEnter": [
        "basic-skills/slot_update_contexts {\"intentName\":\"email\"}"
      ],
      "next": [
        {
          "condition": "session.slots['email'] !== undefined",
          "node": "already-extracted"
        },
        {
          "condition": "true",
          "node": "slot-extract"
        }
      ],
      "id": "698708"
    },
    {
      "name": "already-extracted",
      "onEnter": [
        "builtin/setVariable {\"type\":\"temp\",\"name\":\"alreadyExtracted\",\"value\":\"true\"}"
      ],
      "next": [
        {
          "condition": "true",
          "node": "#"
        }
      ],
      "id": "952927"
    }
  ]
}