[
  {
    "id": "builtin_single-choice-q6S1nh",
    "formData": {
      "text$en": "What would you be interested in?",
      "choices$en": [
        {
          "title": "Products",
          "value": "products"
        },
        {
          "title": "Services",
          "value": "services"
        },
        {
          "title": "Careers",
          "value": "careers"
        }
      ],
      "typing$en": true,
      "markdown$en": true
    },
    "createdBy": "admin",
    "createdOn": "2019-10-16T10:18:06.056Z",
    "modifiedOn": "2019-10-16T11:18:19.777Z"
  },
  {
    "id": "builtin_single-choice-IwG4Rd",
    "formData": {
      "text$en": "Would you like to explore from the beginning or speak to a person?",
      "choices$en": [
        {
          "title": "Start again",
          "value": "startagain"
        },
        {
          "title": "Talk to someone",
          "value": "speaktohuman"
        }
      ],
      "typing$en": true,
      "markdown$en": true
    },
    "createdBy": "admin",
    "createdOn": "2019-10-18T12:22:23.501Z",
    "modifiedOn": "2019-11-27T05:22:49.527Z"
  },
  {
    "id": "builtin_single-choice-kDEB-9",
    "formData": {
      "text$en": "Which of our products would you like to learn about?",
      "choices$en": [
        {
          "title": "Friction Welding",
          "value": "solidphase"
        },
        {
          "title": "Upsetting and Forging",
          "value": "upsetting"
        },
        {
          "title": "Special Purpose Machines",
          "value": "spms"
        },
        {
          "title": "Test Rigs",
          "value": "testrigs"
        },
        {
          "title": "I am not sure",
          "value": "notsure"
        }
      ],
      "typing$en": true,
      "markdown$en": true
    },
    "createdBy": "admin",
    "createdOn": "2019-10-18T14:14:38.089Z",
    "modifiedOn": "2019-10-28T03:55:14.330Z"
  },
  {
    "id": "builtin_single-choice-0rCRoW",
    "formData": {
      "text$en": "We will get back to you as soon as we can over email! Meanwhile, you can continue to browse  our other products and services.",
      "choices$en": [
        {
          "title": "Browse other products",
          "value": "startagain"
        },
        {
          "title": "Keep waiting",
          "value": "continuetowait"
        }
      ],
      "typing$en": true,
      "markdown$en": true
    },
    "createdBy": "admin",
    "createdOn": "2019-10-23T05:32:20.610Z",
    "modifiedOn": "2019-10-28T09:46:56.659Z"
  },
  {
    "id": "builtin_single-choice-sr1WJA",
    "formData": {
      "text$en": "We have the following variants under friction welding machines. Which one are you looking for?",
      "choices$en": [
        {
          "title": "Rotary Friction Welding",
          "value": "rotaryfrictionwelding"
        },
        {
          "title": "Friction Stir Welding",
          "value": "frictionstirwelding"
        },
        {
          "title": "Friction Surfacing",
          "value": "frictionsurfacing"
        },
        {
          "title": "Linear Friction Welding",
          "value": "linearfrictionwelding"
        }
      ],
      "typing$en": true,
      "markdown$en": true
    },
    "createdBy": "admin",
    "createdOn": "2019-10-28T04:54:13.618Z",
    "modifiedOn": "2019-11-28T15:14:49.555Z"
  },
  {
    "id": "builtin_single-choice-squ9e0",
    "formData": {
      "text$en": "Would you like to confirm the details or re-enter them?",
      "choices$en": [
        {
          "title": "Confirm ",
          "value": "confirmspecs"
        },
        {
          "title": "Re-enter ",
          "value": "reenterspecs"
        }
      ],
      "typing$en": true,
      "markdown$en": true
    },
    "createdBy": "admin",
    "createdOn": "2019-10-28T05:13:40.294Z",
    "modifiedOn": "2019-12-02T08:21:16.945Z"
  },
  {
    "id": "builtin_single-choice-OUt2pS",
    "formData": {
      "text$en": "We have the following choices of machines under upsetting and forging",
      "choices$en": [
        {
          "title": "Electrical Upsetting Machines",
          "value": "electricalupsetting"
        },
        {
          "title": "Servo Controlled Positive - Drive Screw Press",
          "value": "drivepress"
        },
        {
          "title": "High Speed Production Cell",
          "value": "hsproductioncell"
        }
      ],
      "typing$en": true,
      "markdown$en": true
    },
    "createdBy": "admin",
    "createdOn": "2019-10-28T09:08:53.052Z",
    "modifiedOn": "2019-10-28T09:12:01.245Z"
  },
  {
    "id": "builtin_single-choice-P4xRCe",
    "formData": {
      "text$en": "You can pick and choose from the following services ",
      "choices$en": [
        {
          "title": "Annual Maintenance Contracts",
          "value": "amcs"
        },
        {
          "title": "Product Service and Repairs",
          "value": "serviceandrepairs"
        },
        {
          "title": "Manufacturing Services",
          "value": "manufacturingservices"
        },
        {
          "title": "Upgrades, Buybacks & Extensions",
          "value": "upgradesbuybacks"
        }
      ],
      "typing$en": true,
      "markdown$en": true
    },
    "createdBy": "admin",
    "createdOn": "2019-10-28T09:35:20.840Z",
    "modifiedOn": "2019-10-28T09:35:20.840Z"
  },
  {
    "id": "builtin_single-choice-aIDkuZ",
    "formData": {
      "text$en": "Would you also like to share your phone number? (optional)",
      "choices$en": [
        {
          "title": "I do not want to share my number",
          "value": "dontsharephonenumber"
        },
        {
          "title": "I want to share my number",
          "value": "sharephonenumber"
        }
      ],
      "typing$en": true,
      "markdown$en": true
    },
    "createdBy": "admin",
    "createdOn": "2019-11-03T12:22:56.634Z",
    "modifiedOn": "2020-06-11T13:48:20.794Z"
  },
  {
    "id": "builtin_single-choice-DzYjd8",
    "formData": {
      "text$en": "Please choose the work order type",
      "choices$en": [
        {
          "title": "Comprehensive",
          "value": "comprehensive"
        },
        {
          "title": "Limited",
          "value": "limited"
        }
      ],
      "typing$en": true,
      "markdown$en": true
    },
    "createdBy": "admin",
    "createdOn": "2019-12-02T08:10:29.309Z",
    "modifiedOn": "2019-12-02T08:10:29.309Z"
  },
  {
    "id": "builtin_single-choice-gKZ4_m",
    "formData": {
      "text$en": "Is this information correct?",
      "choices$en": [
        {
          "title": "Yes, this information is correct",
          "value": "correctpersonalinfo"
        },
        {
          "title": "No, I would like to update my info",
          "value": "updatepersonalinfo"
        }
      ],
      "typing$en": true,
      "markdown$en": true
    },
    "createdBy": "admin",
    "createdOn": "2020-02-08T05:26:03.539Z",
    "modifiedOn": "2020-02-08T07:44:45.552Z"
  }
]