[
  {
    "id": "builtin_text-YtlE9O",
    "formData": {
      "text$en": "Hi! I am a bot.",
      "typing$en": true,
      "markdown$en": true
    },
    "createdBy": "admin",
    "createdOn": "2019-10-16T10:01:17.134Z",
    "modifiedOn": "2019-12-12T11:13:14.552Z"
  },
  {
    "id": "builtin_text-kACohh",
    "formData": {
      "text$en": "Sorry! I did not understand what you meant by that. Can you please select a valid option?",
      "typing$en": true,
      "markdown$en": true
    },
    "createdBy": "admin",
    "createdOn": "2019-10-16T10:42:40.439Z",
    "modifiedOn": "2019-10-16T10:42:40.439Z"
  },
  {
    "id": "builtin_text-qpmHR-",
    "formData": {
      "text$en": "If you would like to chat again, just say hi.",
      "typing$en": true,
      "markdown$en": true
    },
    "createdBy": "admin",
    "createdOn": "2019-10-18T11:07:53.560Z",
    "modifiedOn": "2019-10-18T11:07:53.560Z"
  },
  {
    "id": "builtin_text-FDiKvW",
    "formData": {
      "text$en": "Looks like you have been away.",
      "typing$en": true,
      "markdown$en": true
    },
    "createdBy": "admin",
    "createdOn": "2019-10-18T11:08:57.138Z",
    "modifiedOn": "2019-10-18T11:08:57.138Z"
  },
  {
    "id": "builtin_text-k1lFvL",
    "formData": {
      "text$en": "As we wait for a human to take over, could you please share some of your details with us? It wil help us reach out to you in case none is available",
      "typing$en": true,
      "markdown$en": true
    },
    "createdBy": "admin",
    "createdOn": "2019-10-18T12:48:44.272Z",
    "modifiedOn": "2019-11-28T06:59:18.221Z"
  },
  {
    "id": "builtin_text-HU1knY",
    "formData": {
      "text$en": "Please share your name with me so that we can help you with your specific requirements",
      "typing$en": true,
      "markdown$en": true
    },
    "createdBy": "admin",
    "createdOn": "2019-10-18T15:18:43.862Z",
    "modifiedOn": "2019-10-18T15:18:43.862Z"
  },
  {
    "id": "builtin_text-GpAXEz",
    "formData": {
      "text$en": "Thank you for your interest in a career at ETA Technology.",
      "typing$en": true,
      "markdown$en": true
    },
    "createdBy": "admin",
    "createdOn": "2019-10-18T17:28:27.591Z",
    "modifiedOn": "2019-10-18T17:28:27.591Z"
  },
  {
    "id": "builtin_text-6hTefd",
    "formData": {
      "text$en": "Please email your resume to:",
      "typing$en": true,
      "markdown$en": true
    },
    "createdBy": "admin",
    "createdOn": "2019-10-18T17:30:28.863Z",
    "modifiedOn": "2019-11-28T15:09:40.525Z"
  },
  {
    "id": "builtin_text-GkYwkO",
    "formData": {
      "text$en": "careers@etatechnology.net",
      "typing$en": true,
      "markdown$en": true
    },
    "createdBy": "admin",
    "createdOn": "2019-10-18T17:31:15.364Z",
    "modifiedOn": "2019-11-29T06:41:56.484Z"
  },
  {
    "id": "builtin_text-I-MSxt",
    "formData": {
      "text$en": "Or apply online with your details at",
      "typing$en": true,
      "markdown$en": true
    },
    "createdBy": "admin",
    "createdOn": "2019-10-18T17:32:41.613Z",
    "modifiedOn": "2019-10-18T17:32:41.613Z"
  },
  {
    "id": "builtin_text-UMChev",
    "formData": {
      "text$en": "Please share your email ",
      "typing$en": true,
      "markdown$en": true
    },
    "createdBy": "admin",
    "createdOn": "2019-10-18T17:54:36.886Z",
    "modifiedOn": "2019-11-28T15:18:09.251Z"
  },
  {
    "id": "builtin_text-L61PJh",
    "formData": {
      "text$en": "That does not look like a valid email. ",
      "typing$en": true,
      "markdown$en": true
    },
    "createdBy": "admin",
    "createdOn": "2019-10-20T11:09:40.326Z",
    "modifiedOn": "2019-10-23T07:58:33.543Z"
  },
  {
    "id": "builtin_text-CXVaJT",
    "formData": {
      "text$en": "Thanks!",
      "typing$en": true,
      "markdown$en": true
    },
    "createdBy": "admin",
    "createdOn": "2019-10-20T11:11:57.074Z",
    "modifiedOn": "2019-10-20T11:11:57.074Z"
  },
  {
    "id": "builtin_text-xZ57HD",
    "formData": {
      "text$en": "Oops. Looks like something went wrong. ",
      "typing$en": true,
      "markdown$en": true
    },
    "createdBy": "admin",
    "createdOn": "2019-10-21T05:38:30.880Z",
    "modifiedOn": "2019-10-21T05:38:30.880Z"
  },
  {
    "id": "builtin_text-ts-09P",
    "formData": {
      "text$en": "I will notify a person who can help you out with further details",
      "typing$en": true,
      "markdown$en": true
    },
    "createdBy": "admin",
    "createdOn": "2019-10-21T05:52:35.448Z",
    "modifiedOn": "2019-11-28T06:58:37.016Z"
  },
  {
    "id": "builtin_text-wg3aVi",
    "formData": {
      "text$en": "Thank you for choosing special purpose machines. ",
      "typing$en": true,
      "markdown$en": true
    },
    "createdBy": "admin",
    "createdOn": "2019-10-21T05:54:17.630Z",
    "modifiedOn": "2019-10-21T05:54:17.630Z"
  },
  {
    "id": "builtin_text-zmWDSc",
    "formData": {
      "text$en": "###Help message\nYou are currently speaking to a bot. You can begin the conversation by saying 'hi', 'hey' or any of its variants. If you have any difficulty, you can choose to talk to a human, using this same chat window. (subject to office hours and availability). ",
      "typing$en": true,
      "markdown$en": true
    },
    "createdBy": "admin",
    "createdOn": "2019-10-21T10:11:30.015Z",
    "modifiedOn": "2019-11-27T05:22:24.940Z"
  },
  {
    "id": "builtin_text-9aON9h",
    "formData": {
      "text$en": "Are you sure that was a valid name? Please enter it again?",
      "typing$en": true,
      "markdown$en": true
    },
    "createdBy": "admin",
    "createdOn": "2019-10-21T10:17:34.411Z",
    "modifiedOn": "2019-10-21T10:17:34.411Z"
  },
  {
    "id": "builtin_text-Suqtv7",
    "formData": {
      "text$en": "You entered {{session.slots.name.value}}",
      "typing$en": true,
      "markdown$en": true
    },
    "createdBy": "admin",
    "createdOn": "2019-10-21T10:45:14.209Z",
    "modifiedOn": "2019-10-21T10:45:14.209Z"
  },
  {
    "id": "builtin_text-ocgEnI",
    "formData": {
      "text$en": "Otherwise (test node)",
      "typing$en": true,
      "markdown$en": true
    },
    "createdBy": "admin",
    "createdOn": "2019-10-21T10:46:21.309Z",
    "modifiedOn": "2019-10-23T05:12:20.813Z"
  },
  {
    "id": "builtin_text-WcobeK",
    "formData": {
      "text$en": "You have already entered the following details :",
      "typing$en": true,
      "markdown$en": true
    },
    "createdBy": "admin",
    "createdOn": "2019-10-21T10:47:19.359Z",
    "modifiedOn": "2019-11-27T11:34:05.707Z"
  },
  {
    "id": "builtin_text-0yr_b4",
    "formData": {
      "text$en": "We will get back to you shortly.",
      "typing$en": true,
      "markdown$en": true
    },
    "createdBy": "admin",
    "createdOn": "2019-10-23T04:21:20.230Z",
    "modifiedOn": "2019-10-23T04:21:20.230Z"
  },
  {
    "id": "builtin_text-yzrayx",
    "formData": {
      "text$en": "Looks like our agent is busy at the moment. Thank you for your patience. ",
      "typing$en": true,
      "markdown$en": true
    },
    "createdBy": "admin",
    "createdOn": "2019-10-23T04:34:20.281Z",
    "modifiedOn": "2019-10-23T04:34:32.655Z"
  },
  {
    "id": "builtin_text-apiqF_",
    "formData": {
      "text$en": "Please share your name with me ",
      "typing$en": true,
      "markdown$en": true
    },
    "createdBy": "admin",
    "createdOn": "2019-10-23T05:11:02.831Z",
    "modifiedOn": "2019-11-28T06:56:27.529Z"
  },
  {
    "id": "builtin_text-KaXFSL",
    "formData": {
      "text$en": "You entered {{user.email}}",
      "typing$en": true,
      "markdown$en": true
    },
    "createdBy": "admin",
    "createdOn": "2019-10-23T05:51:30.202Z",
    "modifiedOn": "2019-10-23T05:51:30.202Z"
  },
  {
    "id": "builtin_text-lDaDzq",
    "formData": {
      "text$en": "Thank you for being so patient!",
      "typing$en": true,
      "variations$en": [
        "Thank you for your patience!",
        ""
      ],
      "markdown$en": true
    },
    "createdBy": "admin",
    "createdOn": "2019-10-23T06:39:25.841Z",
    "modifiedOn": "2019-10-23T06:40:05.396Z"
  },
  {
    "id": "builtin_text-CU3zHK",
    "formData": {
      "text$en": "I have asked you for your email {{temp.tries}} times",
      "typing$en": true,
      "markdown$en": true
    },
    "createdBy": "admin",
    "createdOn": "2019-10-23T06:44:45.539Z",
    "modifiedOn": "2019-10-23T07:06:37.333Z"
  },
  {
    "id": "builtin_text-tFifSP",
    "formData": {
      "text$en": "Email - {{user.email}}",
      "typing$en": true,
      "markdown$en": true
    },
    "createdBy": "admin",
    "createdOn": "2019-10-23T07:55:50.327Z",
    "modifiedOn": "2019-11-27T11:31:25.246Z"
  },
  {
    "id": "builtin_text-s_llJM",
    "formData": {
      "text$en": "Sure, {{user.name}}",
      "typing$en": true,
      "markdown$en": true
    },
    "createdBy": "admin",
    "createdOn": "2019-10-23T08:06:30.258Z",
    "modifiedOn": "2019-10-23T08:06:30.258Z"
  },
  {
    "id": "builtin_text-16IcBH",
    "formData": {
      "text$en": "Can you please share the job specs briefly so that our sales team can investigate its feasibility?",
      "typing$en": true,
      "markdown$en": true
    },
    "createdBy": "admin",
    "createdOn": "2019-10-28T05:06:36.337Z",
    "modifiedOn": "2019-12-02T07:02:09.805Z"
  },
  {
    "id": "builtin_text-QNCljP",
    "formData": {
      "text$en": "You have previously shared the specs with us : \" {{user.specs}} \". ",
      "typing$en": true,
      "markdown$en": true
    },
    "createdBy": "admin",
    "createdOn": "2019-10-28T05:09:37.108Z",
    "modifiedOn": "2019-10-28T05:14:38.913Z"
  },
  {
    "id": "builtin_text-Yf5Bsz",
    "formData": {
      "text$en": "Thank you for the details",
      "typing$en": true,
      "markdown$en": true
    },
    "createdBy": "admin",
    "createdOn": "2019-10-28T05:11:01.336Z",
    "modifiedOn": "2019-11-28T15:18:45.001Z"
  },
  {
    "id": "builtin_text-3hdlal",
    "formData": {
      "text$en": "Thank you for your interest in Test Rigs",
      "typing$en": true,
      "markdown$en": true
    },
    "createdBy": "admin",
    "createdOn": "2019-10-28T08:52:35.606Z",
    "modifiedOn": "2019-10-28T08:52:35.606Z"
  },
  {
    "id": "builtin_text-tAp4rz",
    "formData": {
      "text$en": "That did not look like a valid phone number",
      "typing$en": true,
      "markdown$en": true
    },
    "createdBy": "admin",
    "createdOn": "2019-11-03T13:01:54.777Z",
    "modifiedOn": "2019-11-03T13:01:54.777Z"
  },
  {
    "id": "builtin_text-uW68qJ",
    "formData": {
      "text$en": "Please type in your phone number with the country code (eg. +91 1234567890)",
      "typing$en": true,
      "markdown$en": true
    },
    "createdBy": "admin",
    "createdOn": "2019-11-03T13:04:40.651Z",
    "modifiedOn": "2019-11-05T04:48:06.912Z"
  },
  {
    "id": "builtin_text-prICSx",
    "formData": {
      "text$en": "You entered {{user.phone}}",
      "typing$en": true,
      "markdown$en": true
    },
    "createdBy": "admin",
    "createdOn": "2019-11-03T13:05:24.661Z",
    "modifiedOn": "2019-11-03T13:05:24.661Z"
  },
  {
    "id": "builtin_text-wQ7ctZ",
    "formData": {
      "text$en": "Phone - {{user.phone}}",
      "typing$en": true,
      "markdown$en": true
    },
    "createdBy": "admin",
    "createdOn": "2019-11-03T13:05:55.251Z",
    "modifiedOn": "2019-11-27T11:31:58.895Z"
  },
  {
    "id": "builtin_text-xUgYbc",
    "formData": {
      "text$en": "I have asked for your phone number {{temp.tries}} times",
      "typing$en": true,
      "markdown$en": true
    },
    "createdBy": "admin",
    "createdOn": "2019-11-03T13:06:40.181Z",
    "modifiedOn": "2019-11-03T13:06:40.181Z"
  },
  {
    "id": "builtin_text-_AjJ8e",
    "formData": {
      "text$en": "Okay. ",
      "typing$en": true,
      "markdown$en": true
    },
    "createdBy": "admin",
    "createdOn": "2019-11-03T13:19:40.607Z",
    "modifiedOn": "2019-11-03T13:19:40.607Z"
  },
  {
    "id": "builtin_text-8jMPyB",
    "formData": {
      "text$en": "Thank you for selecting services. While our machines are built to work for long periods without any issues, you can choose forms of service that are right for your business.",
      "markdown$en": true,
      "typing$en": true
    },
    "createdBy": "admin",
    "createdOn": "2019-11-27T04:59:54.332Z",
    "modifiedOn": "2019-11-27T04:59:54.332Z"
  },
  {
    "id": "builtin_text-FblhMZ",
    "formData": {
      "text$en": "Name -  {{user.nickname}} ",
      "markdown$en": true,
      "typing$en": true
    },
    "createdBy": "admin",
    "createdOn": "2019-11-27T11:34:16.867Z",
    "modifiedOn": "2019-11-27T11:34:16.867Z"
  },
  {
    "id": "builtin_text-qDTUJf",
    "formData": {
      "text$en": "You have prrviously shared the work order number with us:  {{user.psrworkordernum}} ",
      "markdown$en": true,
      "typing$en": true
    },
    "createdBy": "admin",
    "createdOn": "2019-12-02T07:09:54.129Z",
    "modifiedOn": "2019-12-02T07:09:54.129Z"
  },
  {
    "id": "builtin_text-RtJBKC",
    "formData": {
      "text$en": "You have previously shared the AMC Work Order number: {{user.amcwo}}",
      "markdown$en": true,
      "typing$en": true
    },
    "createdBy": "admin",
    "createdOn": "2019-12-02T08:05:41.513Z",
    "modifiedOn": "2019-12-02T08:05:41.513Z"
  },
  {
    "id": "builtin_text-lWpvhl",
    "formData": {
      "text$en": "Please let us know the Work Order number ",
      "markdown$en": true,
      "typing$en": true
    },
    "createdBy": "admin",
    "createdOn": "2019-12-02T08:06:08.622Z",
    "modifiedOn": "2019-12-02T08:06:08.622Z"
  },
  {
    "id": "builtin_text-UKRNXr",
    "formData": {
      "text$en": "You have chose the AMC Type before: {{user.amctype}}",
      "markdown$en": true,
      "typing$en": true
    },
    "createdBy": "admin",
    "createdOn": "2019-12-02T08:09:10.332Z",
    "modifiedOn": "2019-12-02T08:09:10.332Z"
  },
  {
    "id": "builtin_text-9sX-V_",
    "formData": {
      "text$en": "You have previously shared the following details with us: {{user.manuspecs}}",
      "markdown$en": true,
      "typing$en": true
    },
    "createdBy": "admin",
    "createdOn": "2019-12-02T08:30:35.741Z",
    "modifiedOn": "2019-12-02T08:30:35.741Z"
  },
  {
    "id": "builtin_text-AujV5Q",
    "formData": {
      "text$en": "Please let us know (in one line) the job specs, average parts/month and the contract length you are looking at",
      "markdown$en": true,
      "typing$en": true
    },
    "createdBy": "admin",
    "createdOn": "2019-12-02T08:31:01.778Z",
    "modifiedOn": "2019-12-02T08:31:01.778Z"
  },
  {
    "id": "builtin_text-Hqip5R",
    "formData": {
      "text$en": "You have previously shared the work order with us: {{user.ubewo}}",
      "markdown$en": true,
      "typing$en": true
    },
    "createdBy": "admin",
    "createdOn": "2019-12-02T08:36:23.214Z",
    "modifiedOn": "2019-12-02T08:36:23.214Z"
  },
  {
    "id": "builtin_text-P_WpxQ",
    "formData": {
      "text$en": "Please let us know the Work Order number/Machine details",
      "markdown$en": true,
      "typing$en": true
    },
    "createdBy": "admin",
    "createdOn": "2019-12-02T08:36:48.379Z",
    "modifiedOn": "2019-12-02T08:36:48.379Z"
  },
  {
    "id": "builtin_text-3B8hr4",
    "formData": {
      "text$en": "You have previously shared the details of the test rig application/job with us: {{user.testrigspecs}}",
      "markdown$en": true,
      "typing$en": true
    },
    "createdBy": "admin",
    "createdOn": "2019-12-02T08:39:30.921Z",
    "modifiedOn": "2019-12-02T08:39:30.921Z"
  },
  {
    "id": "builtin_text-4wiKKn",
    "formData": {
      "text$en": "Please let us know the specific application/job for which the Test Rig is needed.",
      "markdown$en": true,
      "typing$en": true
    },
    "createdBy": "admin",
    "createdOn": "2019-12-02T08:39:51.411Z",
    "modifiedOn": "2019-12-02T08:39:51.411Z"
  },
  {
    "id": "builtin_text-Y4T6AK",
    "formData": {
      "text$en": "I am a bot.",
      "markdown$en": true,
      "typing$en": true
    },
    "createdBy": "admin",
    "createdOn": "2019-12-28T17:17:17.428Z",
    "modifiedOn": "2020-02-12T09:10:08.205Z"
  },
  {
    "id": "builtin_text-WMJwE7",
    "formData": {
      "text$en": "Would you like to modify the above details?",
      "markdown$en": true,
      "typing$en": true
    },
    "createdBy": "admin",
    "createdOn": "2020-02-08T05:14:22.125Z",
    "modifiedOn": "2020-02-08T05:14:22.125Z"
  },
  {
    "id": "builtin_text-XzfU1l",
    "formData": {
      "markdown$en": true,
      "typing$en": true,
      "text$en": "Chat from {{user.nickname}} "
    },
    "createdBy": "admin",
    "createdOn": "2020-06-15T10:51:35.172Z",
    "modifiedOn": "2020-06-15T10:51:35.172Z"
  },
  {
    "id": "builtin_text-Ev5-u2",
    "formData": {
      "markdown$en": true,
      "typing$en": true,
      "text$en": "{{user.nickname}} with email {{user.email}} and no. {{user.phone}} had the below conversation:\n{{session.transcript}}"
    },
    "createdBy": "admin",
    "createdOn": "2020-06-15T10:52:17.678Z",
    "modifiedOn": "2020-06-27T17:14:33.960Z"
  },
  {
    "id": "builtin_text-5YktD4",
    "formData": {
      "markdown$en": true,
      "typing$en": true,
      "text$en": "Chatbot message from {{user.nickname}}"
    },
    "createdBy": "admin",
    "createdOn": "2020-06-27T16:40:19.797Z",
    "modifiedOn": "2020-06-27T16:40:19.797Z"
  },
  {
    "id": "builtin_text-K4g13q",
    "formData": {
      "markdown$en": true,
      "typing$en": true,
      "text$en": "success"
    },
    "createdBy": "admin",
    "createdOn": "2021-01-09T07:40:05.635Z",
    "modifiedOn": "2021-01-09T07:40:05.635Z"
  },
  {
    "id": "builtin_text-u3Y8qI",
    "formData": {
      "markdown$en": true,
      "typing$en": true,
      "text$en": "Enter the Question"
    },
    "createdBy": "admin",
    "createdOn": "2021-01-09T07:59:38.623Z",
    "modifiedOn": "2021-01-09T07:59:38.623Z"
  },
  {
    "id": "builtin_text-x1KrGa",
    "formData": {
      "markdown$en": true,
      "typing$en": true,
      "text$en": "Enter your Name"
    },
    "createdBy": "admin",
    "createdOn": "2021-01-09T08:08:36.636Z",
    "modifiedOn": "2021-01-09T08:08:36.636Z"
  },
  {
    "id": "builtin_text-9vNibS",
    "formData": {
      "markdown$en": true,
      "typing$en": true,
      "text$en": "Not a valid entry"
    },
    "createdBy": "admin",
    "createdOn": "2021-01-09T09:03:57.037Z",
    "modifiedOn": "2021-01-09T09:03:57.037Z"
  }
]