[
  {
    "id": "builtin_carousel-JHPLgO",
    "formData": {
      "items$en": [
        {
          "title": "Rotary Friction Welding",
          "image": "/api/v1/bots/BOT_ID_PLACEHOLDER/media/xuhqdlzldx9i2m8dspx5-rotary_fw.jpg",
          "actions": [
            {
              "title": "View details",
              "action": "Open URL",
              "url": "https://etatechnology.in/products/solid-phase-welding/rotary-friction-welding-machines/"
            }
          ],
          "subtitle": "Friction Welders of capacity ranging from 15kN to 2000kN across industries"
        },
        {
          "title": "Friction Stir Welding",
          "image": "/api/v1/bots/BOT_ID_PLACEHOLDER/media/i6jf66n93q12b8s3e8wn-friction_stir.jpg",
          "actions": [
            {
              "title": "View details",
              "action": "Open URL",
              "url": "https://etatechnology.in/products/solid-phase-welding/friction-stir-welding-machines/"
            }
          ],
          "subtitle": "An  ecofriendly process to produce near-nano grain size materials"
        },
        {
          "title": "Friction Surfacing",
          "image": "/api/v1/bots/BOT_ID_PLACEHOLDER/media/205b9izrrhnozskjxgmm-friction_surf.jpg",
          "actions": [
            {
              "title": "View details",
              "action": "Open URL",
              "url": "https://etatechnology.in/products/solid-phase-welding/friction-surfacing-machines/"
            }
          ],
          "subtitle": "Friction surface welding machines for various combination of metals"
        },
        {
          "title": "Linear Friction Welding",
          "image": "/api/v1/bots/BOT_ID_PLACEHOLDER/media/a82lb65blmsdg78izjph-linear_friction.jpg",
          "actions": [
            {
              "title": "View details",
              "action": "Open URL",
              "url": "https://etatechnology.in/products/solid-phase-welding/linear-friction-welding-machines/"
            }
          ],
          "subtitle": "Energy efficient machines that produce near defect free and repeatable jobs"
        },
        {
          "title": "Something else",
          "subtitle": "Not sure which machine is ideal for you? No need to worry",
          "image": "/api/v1/bots/BOT_ID_PLACEHOLDER/media/nq8ynzmma26c8i27odfu-chat-1873536_640.png",
          "actions": [
            {
              "title": "Need help",
              "action": "Say something",
              "text": "#!builtin_single-choice-IwG4Rd"
            }
          ]
        }
      ],
      "typing$en": true
    },
    "createdBy": "admin",
    "createdOn": "2019-10-18T14:47:56.364Z",
    "modifiedOn": "2019-10-18T17:00:16.014Z"
  },
  {
    "id": "builtin_carousel-M1KI19",
    "formData": {
      "items$en": [
        {
          "title": "Electrical Upsetting Machines",
          "subtitle": "Electrical Upsetting (Metal Gathering) machines with near ZERO rejections and a near perfect BULB formation for consistent upsetting",
          "image": "/api/v1/bots/BOT_ID_PLACEHOLDER/media/no2ofjdbn4ny6gdek3zx-20kVA-Twin-head-Upsetter-with-Auto-loading-and-Unloading_250x250.jpg",
          "actions": [
            {
              "title": "View details",
              "action": "Open URL",
              "url": "https://etatechnology.in/products/upsetting-and-forging/electrical-upsetting-machines/"
            }
          ]
        },
        {
          "title": "Servo Controlled Positive - Drive Screw Press",
          "subtitle": "-",
          "image": "/api/v1/bots/BOT_ID_PLACEHOLDER/media/q8kbq43zn9kzxa9pn2xy-servo_controlled_250x250.jpg",
          "actions": [
            {
              "title": "View details",
              "action": "Open URL",
              "url": "https://etatechnology.in/products/upsetting-and-forging/servo-controlled-positive-drive-screw-press/"
            }
          ]
        },
        {
          "title": "High Speed Production Cell forEngine Valve Forgings",
          "subtitle": "-",
          "image": "/api/v1/bots/BOT_ID_PLACEHOLDER/media/lbkdcdr7sqogvp9lblmv-High-Speed-Production-Cell-1024x683.jpg",
          "actions": [
            {
              "title": "View details",
              "action": "Open URL",
              "url": "https://etatechnology.in/products/upsetting-and-forging/high-speed-production-cell-for-engine-valve-forgings/"
            }
          ]
        },
        {
          "title": "Something else",
          "subtitle": "Not sure what exactly you need? Let us help ",
          "image": "/api/v1/bots/BOT_ID_PLACEHOLDER/media/zs45a1q0j047dj6ylilp-chat-1873536_640.png",
          "actions": [
            {
              "title": "Need help?",
              "action": "Say something",
              "text": "#!builtin_single-choice-IwG4Rd"
            }
          ]
        }
      ],
      "typing$en": true
    },
    "createdBy": "admin",
    "createdOn": "2019-10-18T17:00:20.053Z",
    "modifiedOn": "2019-10-18T17:00:20.053Z"
  },
  {
    "id": "builtin_carousel-rmm4VL",
    "formData": {
      "items$en": [
        {
          "title": "Annual Maintenance Contracts",
          "subtitle": "Maintenance Packages ,borne out of our considerable experience in building, servicing and sustaining products for the last few decades",
          "image": "/api/v1/bots/BOT_ID_PLACEHOLDER/media/jbpb8kgnonex8816wuqe-gear-1674891_640.png",
          "actions": [
            {
              "title": "View details",
              "action": "Open URL",
              "url": "https://etatechnology.in/services/eta-maintenance-package/"
            }
          ]
        },
        {
          "title": "Product Service and Repairs",
          "subtitle": "Professional Service and Repair for most of our products",
          "image": "/api/v1/bots/BOT_ID_PLACEHOLDER/media/fk7xz51wxsjr5pr74nwd-computer-2851285_640.png",
          "actions": [
            {
              "title": "View details",
              "action": "Open URL",
              "url": "https://etatechnology.in/services/product-service-and-repairs/"
            }
          ]
        },
        {
          "title": "Manufacturing Services",
          "subtitle": "Industry leading machines and services to support your manufacturing",
          "image": "/api/v1/bots/BOT_ID_PLACEHOLDER/media/y1ldrgazqnd5k7luj00v-flat-2126877_640.png",
          "actions": [
            {
              "title": "View details",
              "action": "Open URL",
              "url": "https://etatechnology.in/services/manufacturing-services/"
            }
          ]
        },
        {
          "title": "Upgrades, Buybacks & Extensions",
          "subtitle": "Assessing the condition of your machine and advise the best option for you",
          "image": "/api/v1/bots/BOT_ID_PLACEHOLDER/media/207s6r6o4phch3v38yie-notes-4156924_640.png",
          "actions": [
            {
              "title": "View details",
              "action": "Open URL",
              "url": "https://etatechnology.in/services/upgrades-buyback-and-extensions/"
            }
          ]
        },
        {
          "title": "Something else",
          "subtitle": "Not sure which service is ideal for you?",
          "image": "/api/v1/bots/BOT_ID_PLACEHOLDER/media/5ef9ndlve23pkxbry6j6-chat-1873536_640.png",
          "actions": [
            {
              "title": "Need help?",
              "action": "Say something",
              "text": "#!builtin_single-choice-IwG4Rd"
            }
          ]
        }
      ],
      "typing$en": true
    },
    "createdBy": "admin",
    "createdOn": "2019-10-18T17:15:02.660Z",
    "modifiedOn": "2019-10-18T17:15:02.660Z"
  }
]