[
  {
    "id": "builtin_card-Tv4j-o",
    "formData": {
      "title$en": "Privacy policy",
      "subtitle$en": "By continuing this conversation you agree to accept our privacy policy.",
      "actions$en": [
        {
          "title": "Read it here",
          "action": "Open URL",
          "url": "https://etatechnology.in/privacy-policy/"
        }
      ]
    },
    "createdBy": "admin",
    "createdOn": "2019-10-16T10:00:42.559Z",
    "modifiedOn": "2019-10-16T10:00:42.559Z"
  },
  {
    "id": "builtin_card-CuqN8u",
    "formData": {
      "title$en": "Careers",
      "subtitle$en": "Build an exciting career at ETA Technology",
      "image$en": "/api/v1/bots/BOT_ID_PLACEHOLDER/media/0o82jgwmi5b86jwbnwsi-career-3449422_640.png",
      "actions$en": [
        {
          "title": "Apply now",
          "action": "Open URL",
          "url": "https://etatechnology.in/company/careers/"
        }
      ]
    },
    "createdBy": "admin",
    "createdOn": "2019-10-18T17:35:04.679Z",
    "modifiedOn": "2019-10-18T17:35:04.679Z"
  },
  {
    "id": "builtin_card-gIl3rG",
    "formData": {
      "title$en": "Rotary Friction Welding",
      "subtitle$en": "Friction Welders of capacity ranging from 15kN to 2000kN across industries",
      "image$en": "/api/v1/bots/BOT_ID_PLACEHOLDER/media/e6e4jyc5181pp8rg550c-rotary_fw.jpg",
      "actions$en": [
        {
          "title": "View details",
          "action": "Open URL",
          "url": "https://etatechnology.in/products/solid-phase-welding/rotary-friction-welding-machines/"
        }
      ]
    },
    "createdBy": "admin",
    "createdOn": "2019-10-28T04:25:14.485Z",
    "modifiedOn": "2019-10-28T04:25:14.485Z"
  },
  {
    "id": "builtin_card-8kfdQy",
    "formData": {
      "title$en": "Friction Stir Welding",
      "subtitle$en": "An  ecofriendly process to produce near-nano grain size materials",
      "image$en": "/api/v1/bots/BOT_ID_PLACEHOLDER/media/3fwx1gf89c2r24lu0r14-friction_stir.jpg",
      "actions$en": [
        {
          "title": "View Details",
          "action": "Open URL",
          "url": "https://etatechnology.in/products/solid-phase-welding/friction-stir-welding-machines/"
        }
      ]
    },
    "createdBy": "admin",
    "createdOn": "2019-10-28T04:29:40.556Z",
    "modifiedOn": "2019-10-28T04:29:40.556Z"
  },
  {
    "id": "builtin_card-tJSdqT",
    "formData": {
      "title$en": "Friction Surfacing",
      "subtitle$en": "Friction surface welding machines for various combination of metals",
      "image$en": "/api/v1/bots/BOT_ID_PLACEHOLDER/media/g2dfprfuggsrb28j0lnc-friction_surf.jpg",
      "actions$en": [
        {
          "title": "View Details",
          "action": "Open URL",
          "url": "https://etatechnology.in/products/solid-phase-welding/friction-surfacing-machines/"
        }
      ]
    },
    "createdBy": "admin",
    "createdOn": "2019-10-28T04:30:28.042Z",
    "modifiedOn": "2019-10-28T04:30:28.042Z"
  },
  {
    "id": "builtin_card-8zemch",
    "formData": {
      "title$en": "Linear Friction Welding",
      "subtitle$en": "Energy efficient machines that produce near defect free and repeatable jobs",
      "image$en": "/api/v1/bots/BOT_ID_PLACEHOLDER/media/l2zox5xzhe0509oaw9ie-linear_friction.jpg",
      "actions$en": [
        {
          "title": "View Details",
          "action": "Open URL",
          "url": "https://etatechnology.in/products/solid-phase-welding/linear-friction-welding-machines/"
        }
      ]
    },
    "createdBy": "admin",
    "createdOn": "2019-10-28T04:31:32.146Z",
    "modifiedOn": "2019-10-28T04:31:32.146Z"
  },
  {
    "id": "builtin_card-cON810",
    "formData": {
      "title$en": "Electrical Upsetting Machines",
      "subtitle$en": "Electrical Upsetting (Metal Gathering) machines with near ZERO rejections and a near perfect BULB formation for consistent upsetting",
      "image$en": "/api/v1/bots/BOT_ID_PLACEHOLDER/media/b7vkyq7wow8epqe2vs1p-20kVA-Twin-head-Upsetter-with-Auto-loading-and-Unloading_250x250.jpg",
      "actions$en": [
        {
          "title": "View Details",
          "action": "Open URL",
          "url": "https://etatechnology.in/products/upsetting-and-forging/electrical-upsetting-machines/"
        }
      ]
    },
    "createdBy": "admin",
    "createdOn": "2019-10-28T09:13:17.829Z",
    "modifiedOn": "2019-10-28T09:13:17.829Z"
  },
  {
    "id": "builtin_card-KT41Mw",
    "formData": {
      "title$en": "Servo Controlled Positive - Drive Screw Press",
      "subtitle$en": "-",
      "image$en": "/api/v1/bots/BOT_ID_PLACEHOLDER/media/4uf0qhph0u011pkspik1-servo_controlled_250x250.jpg",
      "actions$en": [
        {
          "title": "View Details",
          "action": "Open URL",
          "url": "https://etatechnology.in/products/upsetting-and-forging/servo-controlled-positive-drive-screw-press/"
        }
      ]
    },
    "createdBy": "admin",
    "createdOn": "2019-10-28T09:14:03.286Z",
    "modifiedOn": "2019-10-28T09:14:03.286Z"
  },
  {
    "id": "builtin_card-XwLTV1",
    "formData": {
      "title$en": "High Speed Production Cell for Engine Valve Forgings",
      "subtitle$en": "-",
      "image$en": "/api/v1/bots/BOT_ID_PLACEHOLDER/media/s2ez1mdx8zrs3qdldrni-High-Speed-Production-Cell-1024x683.jpg",
      "actions$en": [
        {
          "title": "View Details",
          "action": "Open URL",
          "url": "https://etatechnology.in/products/upsetting-and-forging/high-speed-production-cell-for-engine-valve-forgings/"
        }
      ]
    },
    "createdBy": "admin",
    "createdOn": "2019-10-28T09:14:35.560Z",
    "modifiedOn": "2019-10-28T09:14:35.560Z"
  },
  {
    "id": "builtin_card-m4h144",
    "formData": {
      "title$en": "Annual Maintenance Contracts",
      "subtitle$en": "Maintenance Packages ,borne out of our considerable experience in building, servicing and sustaining products for the last few decades",
      "image$en": "/api/v1/bots/BOT_ID_PLACEHOLDER/media/vrg4id8pkcygos4g785i-gear-1674891_640.png",
      "actions$en": [
        {
          "title": "View Details",
          "action": "Open URL",
          "url": "https://etatechnology.in/services/eta-maintenance-package/"
        }
      ]
    },
    "createdBy": "admin",
    "createdOn": "2019-10-28T09:18:16.837Z",
    "modifiedOn": "2019-10-28T09:18:16.837Z"
  },
  {
    "id": "builtin_card-Uu78lh",
    "formData": {
      "title$en": "Product Service and Repairs",
      "subtitle$en": "Professional Service and Repair for most of our products",
      "image$en": "/api/v1/bots/BOT_ID_PLACEHOLDER/media/7spuez3wronbl5u7hze4-computer-2851285_640.png",
      "actions$en": [
        {
          "title": "View Details",
          "action": "Open URL",
          "url": "https://etatechnology.in/services/product-service-and-repairs/"
        }
      ]
    },
    "createdBy": "admin",
    "createdOn": "2019-10-28T09:18:50.113Z",
    "modifiedOn": "2019-10-28T09:18:50.113Z"
  },
  {
    "id": "builtin_card-mQlDe3",
    "formData": {
      "title$en": "Manufacturing Services",
      "subtitle$en": "Industry leading machines and services to support your manufacturing",
      "image$en": "/api/v1/bots/BOT_ID_PLACEHOLDER/media/li4ubn5ak3giczfkp5f8-flat-2126877_640.png",
      "actions$en": [
        {
          "title": "View Details",
          "action": "Open URL",
          "url": "https://etatechnology.in/services/manufacturing-services/"
        }
      ]
    },
    "createdBy": "admin",
    "createdOn": "2019-10-28T09:19:21.680Z",
    "modifiedOn": "2019-10-28T09:19:21.680Z"
  },
  {
    "id": "builtin_card-HNABPx",
    "formData": {
      "title$en": "Upgrades, Buybacks & Extensions",
      "subtitle$en": "Assessing the condition of your machine to advise the best option for you",
      "image$en": "/api/v1/bots/BOT_ID_PLACEHOLDER/media/vnbz38k4avz3auh3b381-notes-4156924_640.png",
      "actions$en": [
        {
          "title": "View Details",
          "action": "Open URL",
          "url": "https://etatechnology.in/services/upgrades-buyback-and-extensions/"
        }
      ]
    },
    "createdBy": "admin",
    "createdOn": "2019-10-28T09:20:05.994Z",
    "modifiedOn": "2019-10-28T09:20:05.994Z"
  }
]