{
  "steps": [
    {
      "userMessage": "hi",
      "botReplies": [
        {
          "botResponse": null,
          "replySource": "qna __qna__76jv3be6hg_hi"
        },
        {
          "botResponse": "#!builtin_card-Tv4j-o",
          "replySource": "dialogManager"
        },
        {
          "botResponse": "#!builtin_text-YtlE9O",
          "replySource": "dialogManager"
        },
        {
          "botResponse": "#!builtin_single-choice-q6S1nh",
          "replySource": "dialogManager"
        }
      ]
    },
    {
      "userMessage": "Products",
      "botReplies": [
        {
          "botResponse": "#!builtin_single-choice-kDEB-9",
          "replySource": "dialogManager"
        }
      ]
    },
    {
      "userMessage": "I am not sure",
      "botReplies": [
        {
          "botResponse": "#!builtin_single-choice-IwG4Rd",
          "replySource": "dialogManager"
        }
      ]
    },
    {
      "userMessage": "Talk to someone",
      "botReplies": [
        {
          "botResponse": "#!builtin_text-ts-09P",
          "replySource": "dialogManager"
        },
        {
          "botResponse": "#!builtin_text-k1lFvL",
          "replySource": "dialogManager"
        },
        {
          "botResponse": "#!builtin_text-apiqF_",
          "replySource": "dialogManager"
        }
      ]
    },
    {
      "userMessage": "jim",
      "botReplies": [
        {
          "botResponse": "#!builtin_text-UMChev",
          "replySource": "dialogManager"
        }
      ]
    },
    {
      "userMessage": "jim@jam.com",
      "botReplies": [
        {
          "botResponse": "#!builtin_text-KaXFSL",
          "replySource": "dialogManager"
        },
        {
          "botResponse": "#!builtin_text-CXVaJT",
          "replySource": "dialogManager"
        },
        {
          "botResponse": "#!builtin_text-0yr_b4",
          "replySource": "dialogManager"
        },
        {
          "botResponse": "#!builtin_text-yzrayx",
          "replySource": "dialogManager"
        },
        {
          "botResponse": "#!builtin_single-choice-0rCRoW",
          "replySource": "dialogManager"
        }
      ]
    },
    {
      "userMessage": "Browse other products",
      "botReplies": [
        {
          "botResponse": "#!builtin_text-qpmHR-",
          "replySource": "dialogManager"
        }
      ]
    }
  ],
  "initialState": {
    "__stacktrace": [],
    "user": {
      "timezone": -5.5,
      "language": "en"
    },
    "context": {},
    "session": {},
    "temp": {}
  },
  "finalState": {
    "__stacktrace": [
      {
        "flow": "continuetowait.flow.json",
        "node": "choice-8f4f06"
      },
      {
        "flow": "startagain.flow.json",
        "node": "entry"
      }
    ],
    "user": {
      "timezone": -5.5,
      "language": "en",
      "nickname": "jim",
      "tempemail": "jim@jam.com",
      "email": "jim@jam.com"
    },
    "context": {},
    "session": {
      "slots": {}
    },
    "temp": {}
  }
}