{
  "locked": false,
  "disabled": false,
  "private": false,
  "details": {
    "website": "",
    "phoneNumber": "+91 80 28361487",
    "emailAddress": "info@etatechnology.in",
    "termsConditions": "",
    "privacyPolicy": "https://etatechnology.in/privacy-policy/",
    "avatarUrl": "/api/v1/bots/BOT_ID_PLACEHOLDER/media/hv9pbzm1er0akbfr8jl3-bot_icon.png",
    "coverPictureUrl": "/api/v1/bots/BOT_ID_PLACEHOLDER/media/a8j52vnk2523z6vysde5-bg_30.png"
  },
  "$schema": "../../bot.config.schema.json",
  "description": "A chatbot to help you find the ideal product for your needs",
  "active": true,
  "version": "12.10.1",
  "author": "Botpress, Inc.",
  "license": "AGPL-3.0",
  "imports": {
    "modules": [],
    "incomingMiddleware": [],
    "outgoingMiddleware": [],
    "contentTypes": [
      "builtin_action-button",
      "builtin_card",
      "builtin_carousel",
      "builtin_image",
      "builtin_single-choice",
      "builtin_text",
      "dropdown"
    ]
  },
  "dialog": {
    "timeoutInterval": "5m"
  },
  "logs": {
    "expiration": "1 week"
  },
  "defaultLanguage": "en",
  "languages": [
    "en"
  ],
  "id": "bots",
  "name": "ETA-bot  (etabot) (final) (bots)",
  "pipeline_status": {
    "current_stage": {
      "id": "prod",
      "promoted_on": "2021-01-15T18:21:21.442Z",
      "promoted_by": "system"
    }
  }
}