{
  "id": "3g9p2zowvf_upsetters_available_between_300kva_to_500_kva",
  "data": {
    "action": "text_redirect",
    "contexts": [
      "global"
    ],
    "enabled": true,
    "answers": {
      "en": [
        "Yes, Axles ",
        "Yes we do"
      ]
    },
    "questions": {
      "en": [
        "upsetters available between 300kVA to 500 kVA",
        "Any upsetters available between 300kVA to 500 kVA",
        "upsetters ranging from 300kVA to 500 kVA"
      ]
    },
    "redirectFlow": "main.flow.json",
    "redirectNode": "entry"
  }
}