{
  "id": "73ak8ik854_annual_maintenance_contracts",
  "data": {
    "answers": {
      "en": [
        "Thank you for your interest in Annual Maintenance Contracts."
      ]
    },
    "questions": {
      "en": [
        "annual maintenance contracts",
        "Annual maintenance contracts",
        "annual maintenance",
        "Annual Maintenance"
      ]
    },
    "redirectFlow": "services.flow.json",
    "redirectNode": "amc",
    "action": "text_redirect",
    "enabled": true,
    "contexts": [
      "global"
    ]
  }
}