{
  "id": "76jv3be6hg_hi",
  "data": {
    "answers": {},
    "questions": {
      "en": [
        "HI",
        "HIII",
        "Hiiii",
        "hi",
        "Hi!",
        "Hey",
        "Hello",
        "What's up",
        "Heya",
        "hey there",
        "bonjour",
        "sup",
        "Heyyyy",
        "Howdy",
        "hello",
        "ssup",
        "heyy",
        "heyyyy",
        "hola",
        "Start",
        "start",
        "test",
        "friction",
        "upset",
        "upsetting",
        "spm"
      ]
    },
    "redirectFlow": "main.flow.json",
    "redirectNode": "entry",
    "action": "redirect",
    "enabled": true,
    "contexts": [
      "global"
    ]
  }
}