{
  "id": "9uxds415q8_capacity_of_engine_valve",
  "data": {
    "action": "text_redirect",
    "contexts": [
      "global"
    ],
    "enabled": true,
    "answers": {
      "en": [
        "20kVA to 50kVA"
      ]
    },
    "questions": {
      "en": [
        "Rating of engine valves",
        "Rating of tappets",
        "Rating of collar bolts",
        "engine valves rating used",
        "tappets rating used",
        "collar bolt rating used",
        "What is the rating of  engine valves",
        "What is the rating of tappets",
        "What is the rating of  collar bolts",
        "Available rating of engine valves",
        "Available rating of  tappets",
        "Available rating of  collar bolts",
        "can you  specify the  engine valves rating used",
        "can you  specify the tappets rating used",
        "can you  specify the  collar bolts rating used"
      ]
    },
    "redirectFlow": "main.flow.json",
    "redirectNode": "entry"
  }
}