{
  "id": "aq8nefkn93_capacity_of__propeller_shafts",
  "data": {
    "action": "text_redirect",
    "contexts": [
      "global"
    ],
    "enabled": true,
    "answers": {
      "en": [
        "75kVA to  150kVA"
      ]
    },
    "questions": {
      "en": [
        "Rating of  propeller shafts",
        "Rating of  torsion  bars",
        " propeller shafts rating used",
        " torsion  bars rating used",
        "What is the rating of   propeller shafts",
        "What is the rating of  torsion  bars",
        "Available rating of   propeller shafts",
        "Available rating of  torsion  bars",
        "can you  specify the   propeller shafts rating used",
        "can you  specify the   torsion  bars rating used",
        "Rating of  marine engine valves",
        "marine engine valves rating used",
        "can you  specify the  marine engine valves rating used",
        "Available rating  of marine engine valves"
      ]
    },
    "redirectFlow": "main.flow.json",
    "redirectNode": "entry"
  }
}