{
  "id": "bfx3hsbi0l_capacity_of__large_shakles",
  "data": {
    "action": "text_redirect",
    "contexts": [
      "global"
    ],
    "enabled": true,
    "answers": {
      "en": [
        "1200kVA"
      ]
    },
    "questions": {
      "en": [
        "Rating of  large shackles",
        "large shackles rating used",
        "What is the rating of  large shackles",
        "Available rating of  large shackles",
        "can you  specify the large shackles rating used"
      ]
    },
    "redirectFlow": "main.flow.json",
    "redirectNode": "entry"
  }
}