{
  "id": "cyzo7n8fqs_service",
  "data": {
    "answers": {
      "en": [
        "Thank you for selecting services.\nWhile our machines are built to work for long periods without any issues, you can choose forms of service that are right for your business."
      ]
    },
    "questions": {
      "en": [
        "service",
        "services",
        "our services",
        "Service",
        "Services",
        "ETA services",
        "machine service",
        "servicing",
        "I want to know about services",
        "I want to know about service",
        "I want to know about servicing",
        "tell me about services"
      ]
    },
    "redirectFlow": "services.flow.json",
    "redirectNode": "entry",
    "action": "redirect",
    "enabled": true,
    "contexts": [
      "global"
    ]
  }
}