{
  "id": "fbk1scaqby_notsure",
  "data": {
    "answers": {},
    "questions": {
      "en": [
        "notsure",
        "dont know",
        "I dont know",
        "i am not sure",
        "not sure",
        "don't know",
        "I don't know",
        "i do not know",
        "i not knowing",
        "no idea",
        "i have no idea",
        "no clue",
        "i need more information",
        "dunno"
      ]
    },
    "redirectFlow": "notsure.flow.json",
    "redirectNode": "entry",
    "action": "redirect",
    "enabled": true,
    "contexts": [
      "global"
    ]
  }
}