{
  "id": "g6cejp6i0r_dontsharephonenumber",
  "data": {
    "answers": {},
    "questions": {
      "en": [
        "dontsharephonenumber",
        "i do not want to share number",
        "dont ask for my number",
        "dont want to share number",
        "I don't want to share my number",
        "I don't want to share my phone number",
        "DONTSHAREPHONENUMBER",
        "do not share number",
        "please dont ask for my number",
        "I dont want to share my mobile number"
      ]
    },
    "redirectFlow": "getphone.flow.json",
    "redirectNode": "node-2d68",
    "action": "redirect",
    "enabled": true,
    "contexts": [
      "global"
    ]
  }
}