{
  "id": "i7aj7f7aii_capacity_of_axles",
  "data": {
    "action": "text_redirect",
    "contexts": [
      "global"
    ],
    "enabled": true,
    "answers": {
      "en": [
        "300kVA to 500kVA"
      ]
    },
    "questions": {
      "en": [
        "Rating of axles",
        "Axles rating used",
        "What is the capacity of  axles",
        "Available rating of  axles",
        "can you  specify the axles rating used"
      ]
    },
    "redirectFlow": "main.flow.json",
    "redirectNode": "entry"
  }
}