{
  "id": "jh0s5kob32_do_you_do_upsetting_with_nimonic",
  "data": {
    "action": "text_redirect",
    "contexts": [
      "global"
    ],
    "enabled": true,
    "answers": {
      "en": [
        "  Yes  we do."
      ]
    },
    "questions": {
      "en": [
        "Can you do upsetting with nimonic?",
        "Can you do upsetting with  mild steel?",
        "Can you do upsetting with stainless steel?",
        "Can you do upsetting with titanium?",
        "Can you do upsetting with  iconel?",
        "Can you do upsetting with medium carbon steel?"
      ]
    },
    "redirectFlow": "getspecs.flow.json",
    "redirectNode": "node-1f11"
  }
}