{
  "id": "lpvkk2b273_upsetters_ranging_fron_75kva_to_150_kva",
  "data": {
    "action": "text_redirect",
    "contexts": [
      "global"
    ],
    "enabled": true,
    "answers": {
      "en": [
        "Propellar Shafts\n\nTorsion Bars\n\nMarine Engine Vaves"
      ]
    },
    "questions": {
      "en": [
        "upsetters ranging from 75kVA to 150 kVA",
        "What are the upsetters available between 75kVA to 150 kVA",
        "upsetters available between 75kVA to 150 kVA"
      ]
    },
    "redirectFlow": "main.flow.json",
    "redirectNode": "entry"
  }
}