{
  "id": "niqz1u5av1_upsetting",
  "data": {
    "answers": {
      "en": [
        "Thank you for your interest in our upsetting and forging solutions"
      ]
    },
    "questions": {
      "en": [
        "details of upsetting",
        "tell me about upsetting",
        "tell me more about upsetting machines"
      ]
    },
    "redirectFlow": "upsetting.flow.json",
    "redirectNode": "entry",
    "action": "text_redirect",
    "enabled": true,
    "contexts": [
      "global"
    ]
  }
}