{
  "id": "nwu1s56ff0_materials_used_in_upsetting",
  "data": {
    "action": "text_redirect",
    "contexts": [
      "global"
    ],
    "enabled": true,
    "answers": {
      "en": [
        "Here are the materials we use :\nMild Steel\nStainless Steel\nTitanium\nInconel\nMedium Carbon Steel\nNimonic \netc\n"
      ]
    },
    "questions": {
      "en": [
        "materials used in upsetting",
        "can you list the materials that can be used for upsetting",
        "what are the materials that can be used in upsetting",
        "upsetting materials used"
      ]
    },
    "redirectFlow": "main.flow.json",
    "redirectNode": "entry"
  }
}