{
  "id": "p9sflqws5b_upsetters_available_between_20kva_to_50_kva",
  "data": {
    "action": "text_redirect",
    "contexts": [
      "global"
    ],
    "enabled": true,
    "answers": {
      "en": [
        "Engine valves\n\nTappets\n\nCollar bolts"
      ]
    },
    "questions": {
      "en": [
        "upsetters available between 20kVA to 50 kVA",
        "What are the upsetters available between 20kVA to 50 kVA",
        "upsetters ranging from 20kVA to 50 kVA"
      ]
    },
    "redirectFlow": "main.flow.json",
    "redirectNode": "entry"
  }
}