{
  "id": "zkg6iqhkzh_talk_to_someone",
  "data": {
    "answers": {},
    "questions": {
      "en": [
        "talk to someone",
        "speak to human",
        "talk to sales",
        "talk to customer care",
        "talk to person",
        "talk to human",
        "speak to person",
        "speak to somebody",
        "speak to someone",
        "talk to somebody"
      ]
    },
    "redirectFlow": "speaktohuman.flow.json",
    "redirectNode": "entry",
    "action": "redirect",
    "enabled": true,
    "contexts": [
      "global"
    ]
  }
}